Team, ARG, BBT, BUR, BWE, DAV, DCI, DII, DOK, DOL, EBP, FAS, FSH, HAS, KPK, LOG, MAS, MMG, MOR, PGH, PIG, POM, PRR, RPI, RT, RTP, SAG, SEL, SMN, TRK, TRP, WIL, WLK, ZAM
Villanova        ,1,1,1,1,1,2,3,2,1,1,1,1,1,1,1,1,1,7,1,2,1,1,7,4,1,1,1,1,2,1,1,1,2
Michigan St      ,2,3,3,2,2,8,1,6,4,6,3,8,8,12,2,4,3,2,4,1,2,2,4,2,34,2,3,9,1,2,28,2,9
North Carolina   ,8,4,7,3,4,1,7,5,5,9,6,6,4,2,3,2,7,4,3,5,9,9,6,10,4,4,4,4,11,8,3,3,11
Duke             ,4,2,4,6,11,9,2,1,3,10,4,10,16,4,4,6,12,12,6,4,5,14,1,5,6,3,7,2,6,3,9,7,8
Wichita St       ,13,5,20,7,12,3,11,4,14,2,17,4,11,5,11,3,10,1,13,3,4,18,14,12,15,9,17,41,8,4,6,20,4
Kansas           ,19,19,22,5,5,4,12,3,40,3,13,2,2,3,14,19,2,5,17,15,7,3,22,1,2,11,12,13,4,5,4,13,1
Purdue           ,15,11,9,9,6,14,16,7,9,4,12,5,9,10,5,16,4,3,18,11,8,6,21,7,12,5,18,11,5,6,11,9,5
Virginia         ,6,8,14,4,7,6,13,14,8,5,15,7,3,11,10,7,11,11,11,10,3,5,19,15,23,7,10,17,3,9,18,10,3
Xavier           ,14,12,11,8,3,7,10,13,10,7,7,11,12,16,7,12,6,10,10,8,12,11,17,3,31,8,11,22,7,7,13,6,6
West Virginia    ,11,13,18,11,23,11,22,8,11,11,8,9,25,6,16,11,13,6,7,9,11,21,13,11,8,6,8,6,12,10,7,21,10
Gonzaga          ,21,10,15,10,13,5,26,10,15,14,14,3,6,8,8,8,8,13,16,7,10,7,32,14,3,10,16,24,10,11,5,5,7
Texas A&M        ,9,7,5,13,8,32,6,12,7,25,11,31,7,17,6,10,9,20,8,12,6,4,5,9,42,13,5,7,9,14,31,8,28
Arizona St       ,3,9,2,12,9,28,4,41,2,23,2,33,10,46,9,9,5,24,2,27,35,8,3,6,44,23,2,5,20,34,35,4,18
Seton Hall       ,18,17,10,14,19,12,18,19,16,19,19,24,15,15,19,14,18,15,12,13,16,16,20,24,37,14,13,19,15,15,16,17,23
TCU              ,12,16,13,22,22,13,21,23,6,16,5,23,30,18,31,15,17,14,5,28,20,24,10,17,36,22,6,8,22,20,22,19,14
Florida St       ,5,6,6,19,18,17,8,34,13,22,9,14,28,14,32,5,21,22,15,14,25,17,30,22,16,16,19,30,28,25,8,14,39
Miami FL         ,7,14,12,18,15,20,9,20,17,15,16,22,21,20,18,17,22,23,21,6,15,15,49,36,45,12,23,31,14,13,26,16,21
Tennessee        ,10,20,8,16,10,38,15,28,12,29,10,39,5,35,13,18,16,30,9,46,23,12,9,8,43,41,9,12,27,30,30,11,24
Arkansas         ,22,22,27,15,25,15,30,26,20,32,20,20,19,13,17,22,14,8,14,23,31,25,8,13,30,26,14,15,26,18,17,15,12
Texas Tech       ,16,24,17,20,14,36,25,22,23,17,18,21,14,28,15,23,15,18,25,33,17,19,28,16,52,21,22,20,16,23,43,12,16
Arizona          ,36,36,24,17,27,22,19,11,28,20,30,28,29,34,29,27,28,32,28,18,19,31,27,21,5,15,30,14,18,17,10,25,40
Nevada           ,17,15,19,31,17,26,20,35,24,18,22,27,32,32,12,28,26,26,34,22,36,10,15,20,32,33,29,29,19,33,34,18,22
Kentucky         ,43,18,52,21,43,10,24,18,27,35,31,16,56,9,49,13,55,35,30,16,14,53,34,32,7,19,35,27,29,24,2,47,43
Florida          ,57,31,43,27,30,16,33,9,47,28,41,12,22,7,42,24,23,19,47,19,21,45,64,19,18,20,50,83,23,16,13,39,19
Notre Dame       ,32,25,40,36,33,29,39,17,37,13,49,30,48,38,22,25,39,25,53,20,18,33,60,40,17,18,47,55,17,19,28,40,33
Baylor           ,52,28,50,25,31,21,41,25,31,30,51,19,31,27,44,20,31,16,40,29,24,35,89,39,13,27,56,50,24,26,13,49,13
Creighton        ,31,26,53,26,32,25,38,44,35,33,36,18,39,24,27,21,34,29,36,24,32,55,44,33,28,29,39,64,39,22,21,37,25
Texas            ,33,41,16,29,24,45,5,24,38,34,32,35,17,42,20,29,30,27,37,32,26,13,62,31,107,24,36,23,21,21,59,24,31
Cincinnati       ,37,30,59,39,21,30,32,15,59,8,46,15,24,36,40,33,24,21,74,17,13,51,111,43,20,17,71,54,13,12,24,31,15
Oklahoma         ,28,42,42,23,35,41,31,16,21,39,26,46,35,37,25,26,27,37,26,34,28,37,37,34,87,30,24,42,36,36,54,27,38
SMU              ,51,35,37,30,26,24,42,29,66,26,45,17,26,29,34,46,32,40,57,25,22,26,83,23,14,31,53,40,32,35,24,35,30
Clemson          ,24,23,25,32,34,46,44,53,26,27,29,42,34,50,23,30,37,50,29,48,33,22,40,50,55,43,25,35,35,38,51,22,34
Missouri         ,26,50,31,34,29,66,14,38,39,40,21,57,23,57,39,53,25,43,20,31,51,27,2,18,83,35,15,3,31,32,84,46,27
Virginia Tech    ,27,29,33,42,16,19,49,36,64,12,25,25,33,33,21,47,20,17,61,26,30,36,109,25,47,28,55,81,34,27,40,26,20
Maryland         ,38,33,41,37,28,42,50,32,34,21,42,32,27,45,28,49,36,28,50,35,37,46,68,29,38,32,51,59,30,31,45,38,36
Minnesota        ,47,37,39,56,37,54,23,30,22,31,43,52,46,44,38,50,41,31,54,36,40,40,51,42,26,37,46,33,43,28,47,34,42
Ohio St          ,48,40,55,28,45,47,52,47,41,47,40,37,13,56,30,48,29,42,38,39,48,28,46,30,57,40,37,38,33,44,59,28,44
Rhode Island     ,49,53,36,52,38,35,45,43,55,44,54,41,54,59,35,45,42,34,44,37,47,54,23,27,29,38,40,28,42,40,51,32,32
Louisville       ,75,32,48,24,51,23,37,31,60,41,55,13,66,19,61,32,49,9,56,21,27,56,119,38,11,25,58,86,25,29,27,54,56
Butler           ,42,49,49,40,63,34,43,48,25,59,37,40,38,30,33,34,58,33,27,51,49,66,41,54,21,50,33,21,54,47,19,48,85
Michigan         ,50,47,72,33,56,18,54,37,52,37,53,26,43,21,46,38,45,51,46,41,41,60,33,44,25,34,44,77,40,41,37,52,37
Syracuse         ,39,46,54,35,50,44,47,50,19,63,24,45,52,39,71,39,48,38,22,44,57,49,25,48,46,42,21,34,51,61,40,43,52
Boise St         ,25,45,29,38,42,59,53,81,32,50,27,49,20,64,37,35,33,46,31,49,61,23,43,41,53,54,32,49,52,54,49,33,65
MTSU             ,20,27,38,41,54,37,59,59,29,53,44,48,42,48,43,31,60,53,24,42,66,38,12,66,24,61,31,51,69,63,37,42,46
Auburn           ,35,38,44,53,36,57,28,52,43,36,39,51,44,41,41,40,52,39,43,52,42,43,59,51,74,51,45,53,41,46,50,44,50
Houston          ,23,34,21,46,53,53,63,63,45,48,34,44,57,49,24,58,40,55,49,45,44,30,78,56,58,48,42,68,48,48,56,29,29
Alabama          ,60,62,45,51,52,52,35,46,58,45,48,55,70,43,69,51,56,56,35,47,38,57,24,45,51,45,34,10,45,42,43,45,49
Temple           ,30,52,26,48,48,80,46,51,36,38,47,70,50,68,36,55,57,52,33,84,45,34,11,37,54,57,28,26,47,56,73,36,81
St Mary's CA     ,54,21,47,47,57,39,58,27,79,24,59,34,51,52,45,56,63,44,62,43,34,39,80,61,22,36,65,111,44,39,40,55,47
St John's        ,45,61,35,49,41,89,40,64,48,71,33,65,37,58,65,67,35,62,32,68,50,29,18,28,63,53,27,32,53,51,56,50,62
Northern Iowa    ,44,79,32,44,40,86,27,79,18,99,28,80,47,80,63,42,38,67,19,82,81,58,16,53,70,58,20,18,71,75,67,30,54
South Carolina   ,41,43,67,54,62,33,65,61,57,67,60,43,81,23,55,44,71,59,55,63,55,65,42,68,40,64,57,65,56,60,31,56,35
Utah             ,55,51,51,45,46,55,51,58,46,70,50,58,41,71,53,60,54,68,42,71,59,63,45,47,64,55,38,43,59,59,62,53,74
USC              ,72,76,94,63,64,40,29,21,97,57,82,53,59,51,70,63,50,36,67,30,29,76,54,46,41,44,61,85,37,43,47,58,53
UNLV             ,40,56,23,50,20,100,17,65,63,74,35,71,18,111,26,68,19,74,58,66,74,20,100,35,156,63,41,36,55,62,126,23,48
Oregon           ,103,67,80,43,47,27,80,33,113,52,67,29,60,31,57,61,44,47,81,55,52,62,163,52,10,39,86,92,49,37,20,59,17
Kansas St        ,71,44,34,58,44,49,36,39,83,42,62,47,55,47,67,54,53,60,79,60,43,52,160,71,78,47,82,106,50,45,45,64,51
Marquette        ,90,63,74,59,67,50,64,62,51,51,64,56,53,40,74,41,61,45,51,50,53,81,85,75,66,59,62,52,58,58,37,66,69
Oklahoma St      ,82,55,84,57,58,51,75,42,77,60,57,36,45,26,50,52,47,54,80,40,54,69,168,62,35,52,75,82,57,49,35,68,61
UCLA             ,84,65,82,61,86,31,55,49,56,64,78,38,89,25,89,37,76,63,64,38,46,98,113,98,9,46,76,61,63,53,12,74,68
NC State         ,59,60,30,62,39,81,48,66,53,54,38,77,62,75,48,62,51,71,52,74,76,61,81,57,88,65,48,45,66,76,76,41,75
Penn St          ,73,59,58,64,55,63,62,45,74,46,65,54,49,67,52,66,46,41,95,59,39,41,135,49,112,49,88,128,38,50,84,57,63
Mississippi St   ,34,81,56,66,60,92,66,67,44,83,23,81,72,65,99,59,69,73,23,97,67,79,31,80,69,80,26,37,61,73,59,63,100
Fresno St        ,62,48,71,65,68,60,73,77,76,58,69,64,63,70,51,65,62,65,70,53,64,48,66,69,79,71,78,56,67,67,72,62,70
Iowa St          ,74,75,63,55,88,43,86,68,61,56,58,60,96,22,103,57,86,82,45,88,63,102,39,64,19,67,59,69,73,65,22,91,83
San Diego St     ,68,68,60,60,61,76,34,54,110,72,68,62,36,76,56,80,59,61,84,83,62,44,79,59,89,60,87,120,46,55,87,61,26
Providence       ,83,90,64,68,72,61,56,57,73,55,77,67,83,53,88,73,70,49,73,70,56,99,63,65,60,66,66,71,62,52,51,65,84
St Bonaventure   ,53,57,61,69,69,64,82,84,68,49,63,69,74,89,66,70,75,66,66,58,68,72,76,79,71,56,73,84,68,64,101,71,64
Georgia          ,77,66,69,67,110,62,61,74,42,95,61,74,97,54,105,36,99,69,39,54,71,87,65,106,61,70,52,60,75,70,31,89,89
Towson           ,29,58,57,80,66,88,77,116,30,80,52,98,88,94,62,71,92,80,48,81,103,82,29,78,59,83,60,25,86,96,92,60,79
Old Dominion     ,58,73,73,72,65,70,88,75,96,77,79,63,64,77,58,83,64,79,92,61,69,59,73,70,92,74,85,89,60,69,109,70,57
Loyola-Chicago   ,65,39,70,79,83,65,70,111,33,68,56,73,61,74,91,43,87,90,68,62,73,64,101,109,117,79,79,58,72,82,78,81,72
BYU              ,64,70,89,70,97,67,79,80,50,62,74,76,75,84,82,64,97,84,63,57,72,83,97,108,68,68,63,57,82,72,70,72,92
UCF              ,99,83,68,86,95,90,60,86,81,79,72,94,86,66,110,78,94,87,41,72,77,92,48,100,50,76,43,16,83,83,67,82,90
WKU              ,80,98,28,74,49,137,57,102,67,88,71,95,40,110,47,79,43,144,76,100,118,32,53,26,121,97,64,96,74,110,119,51,55
Wisconsin        ,123,126,107,71,75,58,67,40,125,61,119,59,92,60,100,81,67,64,116,103,60,86,114,63,27,62,128,162,65,57,55,94,41
South Dakota     ,69,71,62,96,59,74,68,112,101,75,90,89,76,97,64,101,65,101,102,69,102,42,88,76,104,93,100,116,79,88,113,69,59
UT Arlington     ,93,64,79,87,87,85,71,88,93,110,99,84,65,95,90,85,80,109,86,85,88,78,69,81,56,90,81,95,92,97,90,85,76
Valparaiso       ,76,54,120,77,78,69,84,90,78,86,94,86,113,106,72,75,96,75,97,77,85,90,72,107,72,82,98,102,89,90,98,76,71
Northwestern     ,138,87,90,88,101,48,87,55,109,66,115,50,91,69,113,77,81,48,111,56,58,113,144,85,39,69,116,126,64,66,62,105,114
Boston College   ,85,104,46,99,85,131,92,99,85,92,80,100,93,92,83,95,77,76,90,86,84,94,74,74,155,84,83,46,88,85,118,75,93
Vermont          ,81,78,116,101,102,72,83,71,86,76,127,72,95,81,80,86,133,86,117,64,70,111,58,110,33,86,120,147,80,77,73,104,73
Nebraska         ,95,96,77,78,105,97,78,118,120,100,87,97,85,79,98,88,84,89,72,93,91,84,55,93,101,89,68,44,94,101,91,84,132
Wake Forest      ,115,91,88,82,82,56,128,72,139,73,107,61,68,63,78,108,68,70,142,65,65,77,162,55,84,72,142,206,70,68,78,77,60
VA Commonwealth  ,132,109,106,73,84,78,94,83,112,105,109,68,67,83,108,92,73,85,98,80,87,85,131,84,49,73,104,123,77,80,71,96,88
New Mexico St    ,91,74,87,75,90,91,93,94,82,103,93,91,82,104,96,72,95,123,77,110,100,75,104,118,67,96,80,124,84,95,58,95,126
Davidson         ,86,103,102,94,71,73,111,56,127,43,111,75,79,103,54,115,78,57,161,73,79,89,159,58,135,75,143,135,78,71,139,73,58
Colorado         ,87,86,96,84,96,103,81,97,71,127,88,85,138,72,97,84,109,98,83,105,97,105,56,97,81,88,84,98,97,105,76,101,134
Missouri St      ,89,72,66,100,80,139,72,89,99,82,98,102,73,107,75,97,91,135,99,114,83,50,120,103,145,81,91,70,85,103,130,78,96
Louisiana Tech   ,96,89,92,83,89,128,101,96,111,91,84,90,110,90,92,98,85,178,82,129,94,74,52,82,65,102,90,80,107,87,98,92,106
Rutgers          ,105,114,83,104,74,102,105,113,116,98,76,82,106,87,102,118,74,58,112,91,106,107,148,60,133,98,110,87,76,93,130,80,80
Murray St        ,67,93,65,76,70,179,114,134,84,120,86,128,58,153,68,87,72,153,69,128,112,47,82,104,140,105,72,66,113,98,178,67,66
FL Gulf Coast    ,106,82,98,97,92,107,133,82,138,78,103,92,104,120,84,113,83,91,108,95,113,73,105,83,73,104,113,119,93,94,113,90,77
Illinois         ,128,95,100,85,76,101,103,69,114,106,113,66,69,73,87,96,66,106,146,79,99,93,183,67,95,78,140,208,81,84,82,98,78
Washington       ,122,119,76,81,116,124,69,122,49,186,81,111,84,99,143,76,90,100,60,134,127,100,87,92,138,101,54,39,120,141,89,102,131
N Kentucky       ,104,80,119,125,77,75,109,87,136,97,108,87,111,108,60,124,88,78,155,67,89,96,145,88,110,103,157,145,87,81,124,99,82
Mississippi      ,159,116,124,95,114,79,98,70,152,81,130,83,105,61,144,102,93,77,131,76,78,108,139,73,82,94,129,140,90,79,65,116,142
Georgetown       ,78,69,104,103,103,94,85,110,75,115,70,93,180,62,135,69,137,81,103,107,93,129,196,151,143,92,107,73,104,99,62,111,129
LSU              ,127,120,122,92,106,121,76,95,95,93,104,106,98,86,107,74,100,72,96,145,86,126,167,117,166,107,101,90,91,89,98,103,87
Ga Southern      ,70,108,78,116,99,157,96,104,89,84,89,158,103,164,77,116,120,111,85,149,104,88,47,112,94,137,94,74,110,106,135,83,137
Jacksonville St  ,66,85,108,127,91,108,120,126,128,90,101,101,71,116,73,106,101,113,129,75,96,91,133,135,154,118,123,109,96,100,159,87,67
Belmont          ,116,111,97,110,112,112,90,91,130,118,129,113,108,102,128,111,103,125,114,115,125,117,115,121,76,113,106,63,125,102,88,114,101
Connecticut      ,145,121,118,90,140,109,74,85,62,159,92,110,165,78,168,82,116,99,75,125,98,162,106,128,99,91,77,67,109,119,75,108,157
UC Santa Barbara    ,63,88,75,89,100,148,113,171,65,156,75,178,100,181,85,93,105,131,65,137,143,80,36,101,185,136,49,62,119,128,167,79,135
Portland St      ,46,107,101,115,94,123,108,167,69,114,66,148,80,151,59,91,89,179,78,99,161,95,61,114,162,162,74,91,147,132,159,86,125
UC Davis         ,61,94,85,112,98,133,102,179,87,195,97,145,109,134,81,100,128,211,91,113,164,70,26,113,91,126,69,72,150,159,111,88,111
San Diego        ,88,84,86,108,81,136,125,153,88,190,85,154,77,172,104,103,104,129,93,144,135,67,95,87,141,116,89,88,108,130,150,107,115
Albany NY        ,94,77,111,123,117,114,138,129,54,113,91,118,136,122,120,90,147,105,94,102,105,132,125,167,113,115,92,93,121,109,147,115,112
Wyoming          ,114,97,141,114,121,111,118,103,92,140,117,114,157,118,149,99,138,130,101,122,101,150,50,94,77,117,93,141,116,126,95,137,103
Vanderbilt       ,189,152,138,98,128,82,97,60,175,87,160,79,121,55,211,105,102,83,135,90,75,138,165,99,97,85,137,155,99,86,65,134,119
S Dakota St      ,133,139,139,111,130,68,100,109,102,136,134,116,118,126,153,104,117,114,115,101,120,121,70,125,131,111,108,99,115,113,103,127,98
Dayton           ,153,127,125,93,118,95,126,117,156,150,125,88,146,91,145,138,121,116,110,131,123,125,86,72,48,99,119,146,106,112,82,119,127
Ball St          ,124,101,117,120,133,83,107,140,80,128,139,124,132,128,111,89,134,119,106,78,116,123,75,147,130,121,114,127,126,136,103,124,108
Indiana          ,173,144,126,91,119,71,104,73,147,89,149,78,137,82,170,112,112,94,156,89,82,155,180,91,118,77,148,166,95,74,95,145,104
UNC Greensboro   ,97,112,103,136,79,122,123,159,154,108,126,107,101,130,79,161,98,95,167,106,119,112,140,86,119,127,169,152,105,107,130,93,45
Evansville       ,101,92,115,109,111,110,124,158,90,162,100,121,119,100,119,94,131,158,105,138,138,114,90,96,115,147,109,108,139,149,119,117,105
Grand Canyon     ,143,118,113,107,73,143,122,175,143,101,96,108,78,136,131,145,79,133,121,139,136,71,212,89,109,110,111,112,103,123,113,110,120
Lipscomb         ,107,102,114,132,143,104,99,137,108,138,131,135,131,139,121,109,162,150,100,92,124,115,35,136,126,150,95,100,128,125,113,123,102
C Michigan       ,56,123,105,105,107,169,116,233,72,117,73,165,143,145,94,107,115,128,59,179,175,116,57,130,129,152,67,47,158,154,144,100,116
Furman           ,111,99,140,135,141,96,115,132,117,122,105,130,129,121,122,119,141,93,87,120,134,154,127,144,96,140,105,101,132,114,113,122,121
Bucknell         ,141,125,130,134,127,84,131,93,134,102,173,103,99,125,112,131,130,97,140,111,95,119,128,153,102,114,149,158,112,91,130,128,86
Mercer           ,102,113,110,130,113,152,112,123,151,85,121,133,87,152,76,154,107,92,144,136,92,68,108,133,167,108,154,134,100,104,203,106,149
Tulsa            ,151,135,93,102,122,126,155,92,131,116,132,117,134,123,133,117,82,120,126,121,108,104,153,115,134,109,133,160,118,108,103,130,124
ULL              ,108,117,148,122,138,77,148,125,119,69,116,125,117,135,101,126,119,88,139,96,114,142,178,182,142,125,156,121,122,92,140,113,95
Buffalo          ,137,138,144,117,115,140,127,121,103,152,118,123,102,109,142,122,122,115,124,117,132,153,99,95,114,100,126,137,135,131,127,118,113
Penn             ,98,105,112,144,137,120,152,127,105,111,114,134,140,156,86,129,145,112,119,98,130,110,103,141,158,132,118,110,133,124,185,112,94
SF Austin        ,92,130,91,106,109,168,121,148,70,155,83,176,133,167,132,110,132,190,71,178,141,109,84,132,137,141,70,48,159,142,147,133,153
Tulane           ,109,115,132,128,120,159,117,164,118,146,95,138,122,115,93,134,118,110,104,148,142,101,96,102,207,134,97,117,131,151,169,97,147
Idaho            ,110,122,121,137,135,153,89,114,144,135,136,152,125,144,106,140,108,149,132,123,146,97,147,142,169,155,135,104,137,153,144,125,140
Bradley          ,113,129,134,147,131,164,110,135,94,166,110,160,170,114,129,114,139,139,118,161,133,131,130,149,168,160,112,79,127,152,109,121,123
La Salle         ,154,164,81,145,124,174,145,115,150,132,133,142,123,177,146,167,126,107,130,160,140,144,77,90,106,133,124,136,124,135,153,120,118
Utah Valley      ,112,131,147,159,152,138,91,133,133,123,123,140,156,124,117,123,164,175,123,124,154,176,67,119,147,166,102,107,142,145,158,132,99
ETSU             ,126,106,165,154,165,87,146,144,137,107,140,105,153,113,127,133,179,137,163,87,126,160,146,150,86,153,171,164,141,121,103,152,110
Lamar            ,79,137,99,152,108,173,130,160,91,142,106,185,112,173,109,127,125,182,89,163,166,106,92,166,153,175,103,94,168,161,173,139,122
UAB              ,147,155,133,121,93,149,159,107,182,109,154,99,94,154,115,151,106,124,193,119,115,118,193,77,176,95,200,224,98,120,172,135,91
Iowa             ,171,167,170,113,129,116,156,76,201,65,176,96,135,85,136,150,124,104,198,109,80,147,246,134,100,87,205,264,102,78,101,144,117
Illinois St      ,161,153,143,118,169,135,132,142,167,161,170,104,141,96,163,132,161,146,138,162,128,127,93,120,62,130,158,172,148,150,67,146,97
Col Charleston   ,130,100,171,138,142,113,137,105,121,129,144,127,226,132,184,125,156,108,125,112,107,195,179,199,103,119,131,131,101,115,92,168,158
Northeastern     ,148,142,149,133,153,119,169,146,126,119,141,141,90,185,138,146,142,96,127,116,131,167,137,161,151,135,127,151,129,133,140,138,107
Georgia Tech     ,197,154,128,126,132,98,129,100,193,126,157,109,142,88,189,142,135,159,169,142,90,146,229,124,123,106,163,199,123,122,78,157,165
DePaul           ,144,158,150,141,136,147,160,120,141,104,143,120,130,101,130,136,123,118,180,132,117,120,236,116,225,120,174,174,111,111,159,131,133
Oakland          ,152,110,180,149,174,99,139,106,122,112,167,129,128,131,157,121,177,143,151,94,122,158,154,223,125,128,151,161,145,127,122,151,145
Hofstra          ,131,163,142,150,144,125,153,141,107,143,135,163,185,165,150,135,153,148,107,118,145,141,110,157,159,145,117,118,152,148,164,136,109
Iona             ,117,134,152,148,147,93,161,128,140,94,153,144,163,159,123,144,152,138,158,126,149,175,124,139,120,123,161,197,146,117,167,149,143
Washington St    ,134,148,109,146,139,167,95,156,104,235,122,170,154,98,156,120,114,187,113,176,188,122,129,146,144,161,99,129,163,182,95,129,161
Liberty          ,125,124,95,166,104,177,140,217,129,121,120,168,107,174,95,162,111,122,162,164,148,103,190,105,146,168,173,177,130,156,178,109,152
Utah St          ,157,170,161,139,125,156,149,124,165,130,159,112,114,119,124,159,127,140,171,133,139,133,189,127,179,129,165,173,134,134,156,140,130
Monmouth NJ      ,168,159,151,157,148,142,167,163,195,172,179,119,199,147,173,158,148,103,152,127,150,151,121,137,75,138,159,214,149,138,123,153,128
W Michigan       ,155,149,166,162,166,118,164,108,159,145,171,132,174,127,148,148,146,117,174,146,137,149,169,143,173,139,168,175,136,146,130,148,174
Georgia St       ,146,128,146,151,126,162,142,131,155,131,151,147,115,160,139,164,143,126,172,175,144,124,228,163,164,151,160,170,138,139,159,142,176
Stanford         ,221,184,178,129,151,170,106,78,191,139,172,131,145,141,190,171,129,151,164,198,111,140,210,138,160,112,150,190,117,116,135,158,141
Oregon St        ,172,180,135,142,123,175,119,98,172,163,128,177,147,162,182,179,110,145,133,197,110,139,220,148,244,131,115,103,114,143,208,143,163
UNC Asheville    ,150,133,176,167,187,155,150,130,142,125,169,155,169,150,164,137,171,141,137,152,129,166,151,216,132,148,152,142,154,137,153,154,146
Massachusetts    ,164,141,131,143,145,165,183,152,184,124,162,136,120,191,158,170,140,102,175,147,147,137,185,131,172,142,167,183,140,129,196,141,164
Memphis          ,174,156,160,124,156,132,162,143,100,183,124,146,175,117,241,128,166,165,109,191,159,215,166,183,116,146,125,115,157,170,86,169,210
Ohio             ,201,169,129,140,146,154,178,161,157,151,152,115,116,133,191,155,136,142,157,150,157,182,235,165,150,144,147,138,143,147,135,166,196
G Washington     ,190,168,123,131,158,134,134,178,168,203,150,157,179,142,207,149,150,161,143,141,158,164,161,140,127,157,141,148,161,167,127,155,180
Yale             ,139,147,208,160,170,127,166,147,164,96,178,149,172,190,125,163,183,121,183,104,121,173,164,186,165,122,194,178,151,118,187,165,148
Pittsburgh       ,193,162,159,119,154,130,175,145,163,228,148,126,161,93,213,143,157,136,145,165,152,197,157,111,105,143,136,216,165,175,103,175,224
William & Mary   ,120,146,156,156,189,117,157,182,115,175,138,186,166,138,155,141,191,216,120,158,198,183,112,236,136,184,130,122,200,173,135,159,138
N Dakota St      ,140,165,167,164,159,193,170,165,187,170,166,187,127,212,159,175,160,195,154,167,165,157,94,123,122,158,145,139,164,155,156,156,182
Wagner           ,100,150,137,169,181,225,151,191,98,225,102,227,261,195,151,157,184,229,88,240,239,130,38,160,111,220,96,76,232,235,196,126,172
San Francisco    ,229,178,127,155,162,182,188,136,181,184,155,171,151,184,219,178,159,132,128,211,163,193,208,193,124,156,132,125,153,164,140,162,200
Winthrop         ,179,140,173,174,226,115,143,173,218,165,196,137,158,146,152,156,196,155,190,108,168,161,198,224,128,165,226,181,174,157,127,181,160
New Mexico       ,170,208,155,158,161,194,168,138,243,134,193,139,181,158,154,197,113,127,204,206,172,136,218,122,157,163,214,252,160,144,147,170,151
Rider            ,149,161,157,178,134,189,147,187,179,209,168,181,148,209,134,198,149,188,189,172,185,143,175,145,186,170,179,203,155,166,215,147,139
Toledo           ,204,160,177,171,197,163,135,150,162,181,182,164,186,157,229,168,174,207,160,171,171,174,149,217,161,159,139,154,166,171,153,183,155
Tennessee Tech   ,119,175,163,177,186,183,163,193,135,149,142,208,202,182,141,165,200,180,136,185,197,179,126,214,224,196,138,114,191,179,194,150,191
Coastal Car      ,156,171,162,176,149,198,184,177,203,157,180,189,171,194,114,196,158,160,192,177,176,135,186,155,175,178,197,187,169,172,192,164,144
Marshall         ,160,132,182,165,188,144,199,192,146,199,158,143,234,129,166,130,206,252,168,135,182,216,174,230,149,169,176,189,185,184,125,163,156
Akron            ,175,143,224,161,195,150,211,224,123,222,147,153,251,112,225,139,230,217,153,159,192,199,170,180,85,171,164,143,211,186,78,188,206
E Michigan       ,206,145,192,173,155,172,177,149,148,153,192,156,176,188,216,160,198,157,194,153,151,159,232,231,210,154,177,159,156,162,173,198,167
CS Bakersfield   ,176,173,164,175,193,151,172,176,202,213,202,169,241,140,186,166,253,230,159,151,177,206,71,169,93,183,184,163,193,190,111,196,187
St Joseph's PA   ,225,177,145,163,208,178,171,101,176,147,207,175,178,211,195,169,168,205,186,166,109,156,217,239,217,124,183,188,144,140,199,171,189
Navy             ,121,136,172,193,210,192,187,174,106,141,137,220,217,192,167,152,233,156,147,189,170,231,136,249,170,189,146,132,202,176,196,172,229
Wright St        ,187,188,174,172,173,171,214,198,198,176,177,166,144,179,187,190,155,206,179,168,195,128,193,162,139,181,191,167,173,191,181,173,169
S Illinois       ,230,157,205,182,171,181,144,157,215,158,226,161,126,137,218,172,194,163,206,192,156,165,237,174,192,164,216,231,171,174,150,200,162
Colorado St      ,217,187,200,170,234,166,141,162,174,205,187,162,240,105,247,147,229,202,149,201,173,198,142,206,98,172,166,176,194,208,92,208,234
N Colorado       ,129,201,154,188,168,204,173,204,124,202,146,236,184,220,162,187,163,249,166,203,200,189,123,154,214,218,155,75,208,206,223,179,219
CS Fullerton     ,165,195,175,179,225,141,194,208,145,254,156,199,191,163,215,153,201,224,122,169,232,200,143,238,190,195,122,105,241,234,140,174,179
UT San Antonio   ,158,183,183,197,150,161,204,168,190,206,191,172,155,169,116,176,154,275,235,154,204,134,247,159,256,191,207,230,181,202,185,167,136
Robert Morris    ,142,151,168,185,183,186,186,181,149,216,164,206,150,200,171,183,188,225,176,181,242,209,134,179,209,208,172,207,213,212,229,178,170
FL Atlantic      ,135,186,153,192,163,248,210,244,166,194,145,224,159,187,118,185,185,223,185,214,246,185,122,129,218,228,188,149,206,205,240,160,184
California       ,306,219,199,153,177,105,217,154,208,252,203,122,210,148,305,191,173,162,173,234,167,218,238,173,90,167,211,235,176,169,103,276,150
George Mason     ,224,206,207,186,180,208,218,166,185,211,181,173,205,176,226,186,180,173,191,205,186,232,223,158,152,179,201,182,190,189,169,195,195
WI Milwaukee     ,208,166,186,180,157,201,136,183,153,270,161,197,228,231,264,206,181,232,148,230,180,190,98,156,198,186,192,130,177,222,242,258,201
Loy Marymount    ,169,174,201,195,191,197,201,190,194,238,186,188,168,180,175,181,165,228,200,180,207,178,227,212,196,245,170,153,210,226,181,176,175
Montana          ,234,182,215,187,167,206,174,155,171,180,231,184,149,222,243,173,170,200,207,202,155,203,203,194,216,177,185,209,167,188,189,236,185
Hawaii           ,245,213,212,168,172,190,154,199,132,230,165,211,223,207,286,174,167,203,134,194,210,227,192,197,191,198,121,78,215,233,164,230,238
Troy             ,212,190,226,220,160,145,158,169,250,137,234,150,196,166,198,203,175,181,266,155,160,148,292,181,212,180,270,276,162,160,193,206,159
Drake            ,185,207,158,201,182,238,191,206,177,168,188,196,224,193,140,180,211,177,201,252,181,163,209,245,278,219,193,150,175,192,203,182,204
Weber St         ,167,214,239,212,196,191,209,180,212,144,197,198,203,205,160,205,199,164,221,183,215,228,224,188,194,194,215,211,182,165,173,209,188
Harvard          ,237,199,221,190,229,180,192,119,220,148,248,179,160,210,239,199,222,197,211,143,153,245,176,218,171,149,204,286,170,158,194,242,190
Elon             ,199,193,245,207,236,176,200,194,170,187,185,216,284,186,237,192,249,147,178,196,178,269,118,184,148,193,190,168,188,178,173,233,227
W Illinois       ,118,200,169,191,204,237,241,281,160,236,112,235,192,198,147,210,207,194,141,242,252,211,151,198,230,234,153,113,247,241,221,185,209
Army             ,162,172,185,235,164,218,181,227,192,169,206,219,164,243,137,224,210,134,246,210,169,152,221,200,254,206,243,245,183,177,288,177,171
Indiana St       ,251,211,223,181,176,227,180,185,221,245,244,180,139,183,260,189,151,184,224,229,179,168,214,126,236,173,198,239,172,221,206,246,173
UTEP             ,236,246,181,184,209,188,185,230,237,179,208,195,221,149,222,219,144,169,197,228,201,177,213,152,205,197,213,242,189,198,187,211,235
Long Beach St    ,195,202,190,183,232,207,182,237,178,264,201,241,162,197,249,182,220,246,150,239,235,201,102,232,189,204,134,192,222,245,169,197,225
Wofford          ,182,229,229,194,267,160,221,205,158,204,183,210,247,168,220,177,252,171,165,184,205,262,156,258,187,216,182,179,221,201,166,226,237
Stony Brook      ,215,228,188,189,200,211,224,212,204,191,232,201,187,215,174,215,176,176,219,188,189,212,233,221,208,190,225,253,186,187,216,180,178
Montana St       ,177,203,227,216,201,229,165,225,169,200,183,261,227,221,212,195,223,253,177,273,213,207,91,189,177,229,180,144,234,209,209,199,228
St Francis PA    ,166,194,196,232,219,196,234,172,197,192,229,228,252,218,165,216,261,152,216,187,190,210,155,235,228,202,218,236,201,199,248,161,199
Pacific          ,235,217,220,210,179,222,205,201,232,201,228,204,190,232,185,204,189,245,244,157,224,180,239,178,237,203,196,202,184,183,227,203,197
IPFW             ,180,181,266,213,257,187,207,170,230,133,210,190,286,196,183,208,265,186,223,173,174,247,205,263,188,185,232,237,212,168,203,220,194
Fairfield        ,210,176,197,217,223,203,243,203,219,224,214,221,249,229,179,221,228,193,213,182,211,170,188,242,193,200,219,194,217,223,232,187,183
Kent             ,223,198,272,198,220,184,220,195,240,154,225,183,239,155,203,220,216,208,238,174,199,233,264,225,184,174,250,232,218,181,159,223,198
Radford          ,186,210,241,218,199,224,212,220,183,226,217,250,204,250,227,211,195,191,209,215,183,192,141,175,219,230,212,184,209,204,233,216,233
Princeton        ,287,230,248,205,259,106,215,139,226,164,270,151,211,161,255,209,247,174,243,140,162,259,260,272,108,176,266,273,179,163,144,256,267
Seattle          ,181,221,203,204,207,234,179,214,210,182,200,217,188,206,178,214,172,238,205,241,241,208,245,243,263,213,189,226,207,213,210,186,192
St Peter's       ,233,191,233,225,240,129,226,219,222,196,230,159,198,143,230,200,244,166,225,130,196,257,269,293,183,209,242,228,203,200,181,227,220
Appalachian St   ,163,225,184,229,190,236,208,197,235,160,195,207,189,227,126,236,190,189,250,207,187,184,273,196,300,215,245,294,178,185,264,192,203
Tennessee St     ,248,204,211,196,263,200,223,256,189,269,212,203,219,202,271,193,224,266,181,227,225,172,182,209,174,205,175,97,228,236,223,225,186
E Washington     ,213,223,210,222,178,219,203,229,233,197,256,202,225,216,194,222,178,215,236,200,216,222,200,185,202,212,235,262,204,196,206,204,181
St Louis         ,259,257,179,203,246,221,176,151,200,219,199,255,248,217,272,217,205,167,184,263,208,242,181,170,200,188,162,215,187,220,190,221,288
Lehigh           ,244,212,263,199,244,158,238,226,196,217,235,174,260,189,257,184,232,154,195,156,194,250,249,274,181,187,202,218,216,195,178,237,212
TX Southern      ,260,220,216,211,242,185,190,209,293,193,308,192,124,262,176,241,193,276,253,209,214,145,202,201,180,211,249,220,192,210,233,189,166
UMBC             ,196,215,209,257,214,209,239,249,229,174,222,218,218,228,172,245,248,196,233,190,193,204,230,260,199,217,233,204,198,203,242,184,215
UC Irvine        ,220,245,228,206,227,205,189,184,247,188,260,191,212,201,223,223,227,233,258,204,218,253,201,234,203,182,259,303,225,180,181,232,202
Bowling Green    ,214,189,214,219,211,226,195,232,161,274,190,262,244,204,263,194,243,234,188,266,236,223,187,219,206,232,187,185,240,254,190,241,244
Niagara          ,240,240,206,243,205,244,198,238,205,248,218,240,220,278,240,226,231,183,215,243,203,181,215,215,253,223,208,169,205,207,268,212,205
Boston Univ      ,200,234,222,234,247,232,262,241,199,185,213,237,214,230,231,231,254,220,208,216,240,281,172,213,178,201,217,195,235,218,223,217,243
Cent Arkansas    ,188,179,194,227,213,240,222,261,214,231,205,222,182,240,180,202,202,212,202,217,238,171,242,276,295,237,223,280,214,262,258,194,230
Binghamton       ,191,196,193,252,203,217,228,269,207,214,204,245,216,270,181,230,236,170,227,208,202,194,244,265,282,248,224,213,219,231,307,191,207
Duquesne         ,247,222,247,202,175,258,273,207,257,171,174,193,215,237,246,256,187,231,217,247,230,240,311,164,248,214,209,205,180,214,258,205,259
Colgate          ,228,238,189,247,194,223,248,242,249,207,239,238,173,274,205,260,208,172,256,220,184,225,216,172,273,222,236,266,197,193,290,201,216
SE Missouri St   ,222,192,213,223,192,214,253,270,206,280,233,200,195,199,206,188,214,296,228,195,248,196,256,229,266,240,238,191,257,248,238,224,211
N Illinois       ,211,239,231,215,230,253,258,216,223,258,189,223,253,214,233,237,246,242,196,262,249,230,204,220,215,221,203,180,233,240,216,244,222
NJIT             ,209,244,191,209,224,273,197,260,224,271,175,267,229,276,217,249,182,256,187,274,268,213,177,176,223,275,186,165,252,258,279,193,232
Cal Poly         ,238,242,238,200,202,277,196,239,225,283,215,239,207,236,252,218,197,192,203,250,245,214,206,191,262,246,210,250,227,244,236,234,218
UNC Wilmington   ,279,209,319,242,299,146,252,200,259,212,285,167,281,171,294,201,292,227,274,170,191,267,261,233,80,199,291,227,195,197,119,295,239
Drexel           ,232,254,136,226,222,271,202,282,188,242,209,265,233,260,248,234,213,239,199,218,222,220,199,222,259,238,199,248,226,243,271,229,253
Manhattan        ,253,233,187,214,198,254,255,215,252,208,219,259,177,295,214,251,209,221,230,231,209,229,275,227,267,192,228,261,199,215,279,213,250
North Texas      ,202,265,219,208,185,275,232,296,227,257,198,229,197,249,202,235,192,240,220,257,253,260,257,192,303,239,181,212,230,255,266,214,193
Austin Peay      ,198,249,230,224,239,235,235,248,239,253,224,234,152,234,177,228,203,280,226,232,276,186,267,211,280,249,220,241,246,225,262,190,254
ULM              ,216,261,195,245,184,262,213,218,283,221,220,260,250,265,210,271,212,236,232,267,229,187,240,208,272,252,240,221,238,194,299,231,154
Miami OH         ,136,253,252,238,241,230,267,283,180,250,163,287,275,208,193,225,266,270,182,236,292,283,107,240,213,267,178,196,292,269,223,240,252
Southern Utah    ,192,277,198,231,216,291,230,319,173,294,194,292,167,299,250,246,169,261,170,295,312,169,116,187,289,283,144,133,275,298,288,207,242
Texas St         ,250,197,250,254,206,210,216,186,261,198,258,194,222,178,196,229,242,288,311,212,219,202,335,251,250,224,294,317,220,219,199,251,177
Missouri KC      ,249,216,232,241,249,239,219,245,251,279,253,247,194,226,200,227,238,306,242,237,261,191,171,168,197,271,251,287,255,261,229,210,214
Fordham          ,284,243,236,230,231,246,257,236,275,223,211,226,206,239,188,258,204,213,222,259,231,254,282,177,220,233,227,240,237,238,241,238,263
Chattanooga      ,243,185,254,221,238,212,266,254,242,246,247,214,238,245,204,212,269,285,252,248,228,246,280,244,201,236,254,257,269,227,216,235,168
Prairie View     ,205,237,217,246,245,256,206,290,228,276,245,290,193,311,221,247,226,286,210,256,277,188,117,204,235,285,195,222,244,291,302,202,241
Sam Houston St   ,241,232,264,233,251,257,227,222,234,237,252,257,277,273,244,239,225,305,231,260,243,264,211,171,204,241,237,201,239,239,210,254,223
Canisius         ,252,224,262,244,218,195,256,231,260,218,259,209,200,256,236,243,239,250,288,193,227,234,294,250,226,226,282,293,229,211,242,255,208
E Illinois       ,207,235,234,258,237,263,251,188,286,173,266,233,209,235,169,250,218,247,291,249,206,205,287,252,288,244,288,271,224,229,271,243,240
UTRGV            ,227,218,218,253,217,247,237,277,217,251,238,254,242,254,224,207,219,273,249,233,250,221,278,261,310,255,234,298,245,260,233,228,226
Denver           ,269,247,253,236,260,251,263,210,253,220,241,225,256,246,279,244,258,209,239,251,212,271,290,262,221,227,244,234,223,217,199,260,284
SE Louisiana     ,203,205,299,266,291,241,231,258,186,227,243,276,263,258,235,213,307,291,218,225,234,248,184,307,240,254,221,157,253,270,250,248,256
Santa Clara      ,323,262,286,237,256,202,240,189,313,177,265,182,265,219,276,296,186,168,278,224,217,235,345,257,238,207,315,247,196,228,199,316,296
Richmond         ,328,287,294,228,277,199,244,202,274,244,283,205,291,170,319,233,262,185,263,219,221,297,262,210,163,210,287,326,256,230,150,293,260
Brown            ,239,227,225,256,215,252,246,255,238,272,249,252,262,289,209,262,234,210,265,258,254,226,268,264,281,257,263,249,259,249,301,215,251
Abilene Chr      ,226,251,244,272,252,245,265,266,213,267,227,278,285,261,245,232,287,219,248,255,251,256,252,248,261,278,222,198,250,252,255,259,245
Campbell         ,242,250,258,289,228,231,271,253,305,167,251,242,258,241,192,278,245,199,313,222,220,243,320,228,279,250,308,308,231,224,264,252,247
North Florida    ,257,278,249,239,286,220,259,275,245,311,287,243,237,253,269,252,264,244,245,186,265,239,191,267,249,235,252,244,284,290,242,257,246
Cornell          ,231,259,267,268,278,260,261,234,211,281,236,288,231,286,289,254,289,263,214,245,247,302,132,253,242,266,206,217,248,268,290,261,293
Nicholls St      ,219,263,202,267,250,323,233,240,246,286,237,302,232,288,208,269,240,326,234,329,304,219,173,205,233,303,239,233,251,302,277,218,248
High Point       ,194,256,237,259,254,264,277,273,297,210,246,258,311,242,161,284,221,260,298,264,244,241,300,247,276,251,262,267,262,242,283,222,282
Siena            ,307,258,273,240,283,215,249,267,267,300,262,246,276,264,312,238,272,218,212,226,282,286,231,268,182,243,229,297,287,275,210,282,236
South Alabama    ,254,241,243,260,221,270,276,291,255,249,255,270,201,259,262,261,241,271,268,286,275,224,283,256,257,261,257,265,268,277,271,262,221
Southern Miss    ,218,281,268,248,233,279,318,271,231,285,240,275,213,251,201,273,217,297,277,261,273,299,272,226,316,253,271,193,271,263,268,250,257
Delaware         ,267,268,278,264,248,259,247,263,273,288,277,273,264,281,258,265,251,198,283,235,237,255,270,241,277,231,280,279,243,247,256,263,273
North Dakota     ,291,252,301,262,292,243,193,274,254,299,280,232,266,203,320,242,299,289,251,254,259,273,255,283,195,274,265,186,261,292,173,297,283
New Orleans      ,282,231,235,274,255,213,268,280,298,308,316,213,183,247,290,266,256,257,315,213,269,265,259,203,222,262,320,238,278,289,221,301,271
Central Conn     ,184,226,246,280,235,310,245,293,216,297,221,304,268,290,232,255,259,265,240,291,310,261,150,246,309,302,231,270,290,296,324,239,255
Columbia         ,303,292,204,270,212,281,289,235,332,189,326,249,230,305,238,310,235,214,337,275,223,217,303,207,312,225,333,344,242,216,331,253,249
TN Martin        ,272,236,285,271,268,250,288,284,299,215,304,230,255,224,228,248,279,302,319,221,262,238,327,289,258,242,329,334,279,232,248,266,213
Portland         ,258,318,292,249,276,298,327,259,291,296,254,279,235,279,259,286,215,284,241,306,307,266,219,202,247,276,253,200,288,279,268,247,265
WI Green Bay     ,246,293,277,251,273,274,305,262,272,233,257,266,296,223,265,283,291,300,255,270,281,288,284,315,227,258,247,223,281,265,227,286,276
Charleston So    ,178,275,257,294,302,307,260,213,209,247,216,306,333,267,197,257,314,301,237,296,294,277,226,318,285,313,261,171,296,295,277,245,333
Air Force        ,292,267,295,269,253,278,236,196,263,262,268,269,278,233,310,253,263,278,285,284,260,268,313,277,269,268,268,290,249,267,229,307,280
East Carolina    ,310,282,311,261,270,228,292,243,271,263,242,248,323,175,331,259,273,222,261,279,264,323,333,294,234,264,272,254,270,256,210,283,295
Houston Bap      ,274,264,290,290,287,255,229,246,292,278,298,251,245,252,234,270,274,295,317,246,270,252,312,259,260,279,305,314,260,285,246,265,231
TAM C. Christi   ,314,260,298,282,288,216,270,251,322,275,334,212,257,213,288,263,281,264,343,199,274,300,341,254,251,265,338,311,289,264,216,323,217
NE Omaha         ,286,308,256,265,269,261,264,285,321,256,324,268,254,271,266,291,276,267,289,268,271,249,289,312,229,263,290,316,274,271,238,284,262
Oral Roberts     ,329,266,251,255,274,249,275,278,269,324,291,272,208,324,321,264,267,282,257,244,255,263,243,270,294,247,275,329,276,300,271,314,286
Gardner Webb     ,281,289,284,283,315,233,296,252,317,261,317,263,288,225,281,287,296,237,297,223,266,284,279,301,239,287,314,285,273,272,250,273,278
Morgan St        ,265,248,240,297,279,302,225,294,264,291,293,314,289,328,274,281,318,293,275,285,279,236,158,279,271,316,267,268,286,299,311,267,266
NC A&T           ,183,276,255,307,243,341,279,338,248,315,223,331,307,337,199,307,275,336,264,323,323,251,138,195,333,311,260,225,311,294,347,219,274
Samford          ,300,269,330,279,317,294,294,250,308,239,309,286,259,272,299,276,306,298,267,288,233,274,251,300,211,259,283,291,263,251,252,300,279
UC Riverside     ,293,291,280,273,266,303,291,279,280,277,276,281,236,301,284,268,260,277,276,289,278,237,258,271,324,280,258,295,272,293,271,271,313
NC Central       ,255,270,296,284,285,242,286,288,300,178,292,231,306,275,242,279,304,322,320,253,287,296,309,273,246,288,332,337,291,253,283,280,269
Florida Intl     ,290,309,279,263,280,267,303,321,276,337,282,215,272,277,307,293,250,314,304,238,289,272,248,190,315,289,292,219,277,316,309,305,264
New Hampshire    ,315,300,274,293,261,272,299,272,339,241,310,244,273,269,270,314,255,204,324,281,256,270,344,285,265,272,330,333,254,237,292,275,261
Pepperdine       ,313,315,242,250,258,314,272,276,318,306,272,294,246,304,297,304,237,269,259,320,301,244,297,269,286,260,230,284,282,312,286,270,299
Morehead St      ,283,255,282,277,327,276,290,268,262,298,300,295,315,244,254,240,329,331,279,280,284,279,254,299,243,291,297,258,300,297,236,268,303
James Madison    ,311,294,314,275,265,265,287,211,314,259,299,256,267,284,273,300,257,251,325,269,258,276,347,290,329,270,316,346,264,257,279,277,270
Detroit          ,263,305,313,287,312,268,254,265,266,260,275,298,309,287,285,277,316,274,271,297,295,314,266,314,314,273,256,307,265,273,260,294,287
Incarnate Word   ,273,296,265,302,342,317,320,337,256,295,269,311,299,297,256,299,312,299,292,318,272,275,234,266,287,331,246,156,258,307,285,249,297
Holy Cross       ,299,288,289,288,284,283,310,289,268,284,274,284,290,292,308,280,280,243,262,283,296,322,296,316,252,286,274,289,298,278,260,288,294
MA Lowell        ,271,286,276,299,262,321,281,300,282,273,250,296,300,303,280,302,271,235,272,312,286,295,301,295,291,304,269,274,294,288,299,264,300
South Florida    ,289,283,302,278,264,306,283,287,290,234,261,297,282,263,300,272,290,281,273,309,297,282,325,308,320,282,273,288,302,284,271,298,268
Long Island      ,277,298,283,303,281,288,293,302,319,232,278,289,294,280,268,305,277,262,295,294,299,287,299,275,241,305,299,328,301,287,279,272,272
IUPUI            ,288,271,305,291,308,280,307,228,315,266,302,271,313,285,261,295,283,283,310,265,263,313,324,325,298,293,300,277,266,266,266,281,285
Arkansas St      ,322,273,331,308,298,282,317,221,310,240,323,253,301,266,323,288,308,241,328,290,257,316,343,287,245,256,317,321,267,246,252,329,258
Charlotte        ,297,314,323,285,289,296,297,247,285,289,281,282,329,257,302,289,282,254,299,302,267,310,331,255,283,277,281,322,280,276,256,303,289
IL Chicago       ,320,306,335,306,309,286,284,223,307,268,297,274,317,282,324,290,295,287,312,278,226,306,326,284,275,269,311,304,236,259,254,311,298
Hampton          ,270,302,270,281,290,295,274,295,302,282,295,300,269,319,251,315,268,316,302,293,303,258,310,282,313,294,295,306,283,282,315,278,277
W Carolina       ,285,301,293,286,331,301,280,313,236,322,296,330,295,309,306,292,323,279,229,313,285,290,197,324,274,314,241,229,299,313,296,289,319
American Univ    ,264,272,281,298,301,312,250,322,288,321,284,313,304,307,277,301,326,303,270,298,298,289,241,328,297,308,279,260,306,283,318,274,307
Sacred Heart     ,294,284,287,296,311,304,311,315,278,312,263,315,302,283,315,282,300,255,260,300,318,305,274,320,284,307,255,251,318,308,287,287,326
Cleveland St     ,295,279,328,304,297,269,324,264,309,229,301,277,303,294,291,303,297,272,322,292,283,303,329,292,318,284,322,318,285,250,308,296,290
F Dickinson      ,275,307,318,316,304,297,313,303,281,243,286,301,312,296,275,297,309,226,300,301,291,325,302,303,307,299,309,292,295,280,292,292,310
Stetson          ,262,274,297,310,275,311,306,312,258,293,267,307,279,300,287,285,305,317,287,287,308,317,291,296,325,301,277,305,314,315,311,290,292
Mt St Mary's     ,317,297,329,295,324,266,285,297,287,292,320,280,321,255,333,274,321,248,290,277,302,332,298,336,231,296,278,315,304,304,210,330,317
Grambling        ,256,285,288,324,305,287,242,327,241,329,294,320,274,317,283,267,303,335,286,282,329,278,225,305,296,332,285,312,330,329,302,306,301
Edwardsville     ,276,304,317,305,318,308,312,301,244,307,273,317,310,298,316,275,315,307,247,307,317,321,195,310,306,315,248,255,324,321,323,324,305
Kennesaw         ,298,317,269,301,293,289,316,320,326,310,325,283,316,293,282,316,284,308,305,337,309,285,286,278,299,290,296,269,313,306,294,285,281
Rice             ,336,280,333,292,316,285,302,305,330,326,321,264,314,238,336,298,294,311,308,303,300,298,304,306,232,300,302,310,320,303,220,332,315
E Kentucky       ,301,316,332,309,326,300,282,257,277,287,306,312,330,268,304,294,317,310,294,311,288,312,317,339,317,295,293,256,297,286,302,309,323
San Jose St      ,312,312,336,312,313,305,301,286,328,305,315,285,283,248,301,309,298,259,327,305,305,309,342,313,292,281,319,323,307,305,246,320,308
CS Sacramento    ,318,324,306,300,319,293,304,299,327,323,331,299,293,291,298,306,302,304,307,271,306,318,277,298,311,306,312,299,317,317,262,302,312
Bethune-Cookman  ,261,299,291,319,271,319,278,335,296,309,279,322,270,333,253,319,293,345,314,315,325,308,322,291,341,321,303,301,316,324,338,269,275
Ark Little Rock  ,342,303,322,276,300,299,309,304,316,302,290,293,243,316,340,312,301,333,282,327,314,293,308,286,268,292,310,313,321,319,302,337,306
Loyola MD        ,325,313,308,329,310,290,326,292,342,255,339,291,326,302,293,334,310,201,347,272,290,315,338,302,301,298,349,330,293,274,318,319,311
Dartmouth        ,302,310,327,326,314,292,330,317,294,265,303,303,292,308,311,308,322,268,335,276,280,329,340,322,336,297,325,278,303,281,324,313,324
VMI              ,278,295,304,314,306,332,300,324,279,333,271,327,297,321,296,313,311,325,284,321,330,326,276,288,327,323,284,283,331,328,318,279,331
Marist           ,333,323,271,318,295,315,295,310,329,319,305,309,271,329,328,326,270,258,316,310,311,294,319,281,319,309,306,340,310,314,334,315,321
Idaho St         ,308,334,261,315,294,331,322,309,306,301,319,318,308,325,303,318,278,321,330,331,321,320,335,280,346,317,276,246,312,327,315,308,320
Lafayette        ,337,311,260,313,296,313,298,308,334,304,329,308,298,327,295,328,286,292,333,299,293,280,337,317,335,318,335,338,305,301,336,312,309
Quinnipiac       ,324,319,275,311,272,318,314,318,304,325,307,310,287,332,322,311,285,294,326,314,315,307,332,309,322,312,323,335,315,310,328,310,316
Presbyterian     ,268,330,259,325,307,342,321,333,265,339,264,342,327,335,309,325,320,342,254,343,341,319,263,335,330,337,264,243,340,341,334,291,338
St Francis NY    ,305,331,310,317,282,340,331,314,324,303,312,333,280,341,278,335,288,290,329,336,320,311,314,237,347,326,326,325,319,311,343,304,314
Citadel          ,280,327,307,335,339,320,334,316,270,290,288,334,322,306,325,323,338,309,303,340,313,342,295,334,305,330,286,259,309,333,321,317,337
Northwestern LA  ,338,290,309,322,341,284,269,351,284,334,314,321,344,310,342,321,345,328,281,308,316,292,285,340,326,325,327,210,308,340,296,340,348
Savannah St      ,296,336,325,323,338,329,339,328,312,318,318,335,305,330,326,333,336,318,280,334,333,328,222,323,270,340,289,281,328,334,302,321,304
McNeese St       ,266,320,321,339,332,336,315,311,295,328,311,338,325,322,267,330,340,312,336,339,327,330,306,311,331,338,318,272,323,325,332,299,291
Alcorn St        ,304,332,337,328,334,309,335,334,320,332,328,326,332,312,317,331,335,332,293,326,338,338,250,341,255,335,307,275,332,331,294,325,330
Hartford         ,330,326,312,327,303,327,323,329,311,331,289,325,318,326,334,324,313,315,296,338,324,335,307,319,304,334,298,296,327,332,321,326,332
Southern Univ    ,316,328,303,320,322,322,329,323,301,320,333,329,320,334,318,317,333,330,318,322,332,304,281,330,308,320,321,309,329,318,328,322,328
Jackson St       ,309,325,316,330,321,328,308,330,323,314,322,332,328,336,292,329,330,327,301,328,328,327,288,337,323,329,313,263,333,320,333,318,334
SC Upstate       ,321,329,315,331,320,324,328,325,333,313,335,316,331,320,329,322,332,319,331,316,319,324,323,333,302,310,334,345,322,309,298,331,302
Northern Arizona ,339,321,300,321,325,325,319,332,303,340,332,323,340,323,341,327,328,334,306,304,337,291,271,338,332,324,331,282,336,337,309,347,335
Jacksonville     ,326,322,326,332,323,316,325,298,325,317,313,319,338,315,327,320,319,340,321,319,326,334,328,321,321,327,324,336,325,323,326,328,322
Bryant           ,334,337,341,333,336,330,336,331,331,327,336,328,341,318,339,336,334,313,323,324,334,343,253,331,293,333,328,343,335,322,327,336,329
MD E Shore       ,332,333,340,343,351,339,332,347,289,350,330,349,351,339,346,332,350,346,269,348,344,345,207,347,264,348,301,300,344,350,313,335,351
Florida A&M      ,327,342,320,337,333,344,343,342,335,338,338,341,336,344,314,344,327,338,309,341,339,301,265,297,344,342,304,302,341,338,350,327,325
Maine            ,319,335,324,340,329,337,333,326,338,336,327,339,324,331,313,338,324,320,341,335,335,331,316,304,337,339,336,342,339,335,340,333,336
Youngstown St    ,331,341,345,338,337,326,341,307,336,316,337,324,335,314,330,339,339,323,344,317,322,344,339,332,328,328,343,331,326,326,315,342,340
CS Northridge    ,343,338,339,336,328,334,338,306,344,330,343,305,319,313,337,337,325,324,348,325,331,336,349,327,343,319,347,347,334,330,313,339,327
Norfolk St       ,350,339,349,334,340,333,340,344,348,341,340,337,339,340,350,346,337,329,338,332,336,341,293,329,290,336,348,332,337,339,330,349,339
Howard           ,340,343,334,341,330,335,337,336,346,335,345,336,334,342,332,343,331,337,346,330,340,333,334,326,345,322,341,349,338,336,349,338,318
Alabama St       ,345,340,342,342,345,346,345,345,337,345,347,343,349,347,344,340,347,343,339,344,342,339,321,348,342,343,340,319,343,342,344,344,342
MS Valley St     ,346,344,347,344,344,338,342,343,341,351,346,340,345,343,338,341,344,348,340,333,350,340,318,346,339,345,339,324,349,348,342,343,346
Chicago St       ,335,347,338,345,348,350,346,340,345,346,342,351,347,338,335,345,348,347,334,349,345,337,315,345,340,349,337,341,345,344,337,334,347
Coppin St        ,349,345,344,347,335,345,347,348,347,344,348,344,348,348,347,347,342,339,342,342,346,349,305,343,338,344,346,348,347,346,345,345,343
Longwood         ,344,350,343,350,343,349,351,339,343,342,341,347,342,345,343,342,343,341,351,347,343,350,351,342,350,346,344,320,342,343,340,341,341
S Carolina St    ,341,346,348,346,350,343,349,349,340,347,344,346,346,346,345,348,349,350,332,346,349,347,330,350,334,341,342,339,350,347,339,346,345
Alabama A&M      ,348,348,346,348,347,348,348,346,349,349,349,348,337,351,348,350,346,351,345,345,348,346,346,351,351,350,345,327,348,349,351,348,349
Ark Pine Bluff   ,351,349,350,349,346,347,344,341,351,343,351,345,343,350,349,349,341,344,349,350,347,348,350,344,349,347,351,351,346,345,345,351,344
Delaware St      ,347,351,351,351,349,351,350,350,350,348,350,350,350,349,351,351,351,349,350,351,351,351,348,349,348,351,350,350,351,351,348,350,350