Team, AP, ARG, BBT, BIH, BLS, BUR, BWE, COL, DAV, DCI, DES, DII, DOK, DOL, DUN, EBP, ESR, FAS, FMG, FSH, HAS, JNG, KPK, KRA, LMC, LOG, MAS, MMG, MOR, PGH, PIG, POM, PRR, RPI, RT, RTH, RTP, SAG, SEL, SGR, SMN, SMS, SP, STH, TRK, TRP, USA, WIL, WLK, WMV, WOB, WOL, YAG, ZAM
Villanova        ,1,2,1,1,2,1,2,1,2,2,1,1,2,1,3,1,1,1,1,3,3,1,1,2,2,1,1,4,5,2,3,1,2,4,4,1,4,2,2,1,2,1,3,1,4,2,1,1,1,2,1,1,2,1
Purdue           ,3,3,2,3,1,3,1,4,1,1,4,3,5,3,2,2,4,3,3,1,1,2,3,7,1,2,3,1,1,5,1,2,3,9,2,4,8,1,4,4,1,2,2,3,1,1,3,5,2,1,6,5,1,2
Virginia         ,2,1,3,2,7,2,3,2,3,3,2,2,11,2,5,3,2,2,2,5,2,4,4,1,6,4,2,5,3,1,5,3,1,3,7,2,2,5,1,2,5,4,6,4,2,6,2,9,3,4,3,2,6,4
Duke             ,5,4,4,8,3,8,4,6,5,5,3,8,1,5,4,4,8,6,4,2,4,7,2,12,4,3,8,3,2,10,2,4,5,1,1,8,1,3,8,3,10,3,1,2,3,3,5,8,4,3,10,9,3,6
Texas Tech       ,8,5,6,6,8,4,5,12,4,13,9,4,13,6,6,9,10,4,7,10,5,10,7,5,7,8,4,7,6,6,9,5,4,15,6,3,10,11,5,6,14,6,11,5,5,12,8,15,5,7,4,7,7,9
Kansas           ,10,7,28,11,5,17,8,8,13,4,7,12,3,9,11,8,16,9,8,7,10,5,5,10,9,9,15,6,7,7,18,10,8,11,5,15,5,4,6,15,6,7,5,9,9,5,10,1,10,5,8,14,8,5
Oklahoma         ,4,14,13,4,13,7,9,5,9,10,6,5,15,4,9,22,3,5,5,13,16,3,8,3,20,14,6,10,10,3,8,13,15,2,11,5,6,14,3,7,3,9,15,7,16,16,6,13,8,8,2,4,10,18
North Carolina   ,15,9,8,13,9,10,7,11,8,7,17,13,8,11,14,11,6,14,6,8,11,9,6,15,8,6,10,9,8,13,10,9,9,5,8,12,12,7,12,5,8,5,7,11,10,9,14,6,6,9,15,12,9,8
West Virginia    ,6,8,7,7,10,6,12,13,16,9,5,6,9,10,7,12,5,7,13,9,17,11,16,4,10,13,5,11,11,8,6,12,17,16,14,6,18,9,9,19,11,10,9,14,12,11,7,4,18,12,5,6,11,10
Michigan St      ,9,10,14,18,4,11,6,19,7,11,11,11,4,14,1,5,18,10,11,6,7,20,10,18,3,5,14,2,4,19,7,6,6,30,3,9,22,6,16,16,23,11,4,11,6,4,9,28,7,6,18,24,4,3
Wichita St       ,7,11,9,12,12,14,16,14,20,6,8,9,6,13,24,10,12,13,17,11,8,13,14,11,17,15,9,12,12,14,14,11,18,18,13,10,13,12,15,21,18,15,12,8,20,8,4,7,19,14,12,10,13,12
Xavier           ,11,15,20,10,14,19,15,9,19,15,13,15,16,8,12,13,9,11,14,19,19,16,15,8,12,17,18,14,15,11,16,17,21,8,12,13,9,13,11,9,9,12,13,22,17,13,12,14,16,10,11,11,17,19
Auburn           ,17,6,5,5,22,5,10,3,14,17,19,7,36,7,26,26,7,8,9,26,13,6,9,6,18,12,7,25,18,4,17,18,20,6,22,7,3,34,7,14,7,8,39,10,19,29,20,20,14,11,7,3,20,22
Gonzaga          ,13,18,10,20,6,16,17,32,6,8,18,16,7,20,8,7,22,17,19,4,14,19,13,21,5,7,11,8,9,29,4,7,7,57,9,17,37,8,28,29,25,13,8,16,8,7,13,11,9,16,24,18,5,7
Clemson          ,20,12,12,9,21,9,11,7,12,26,15,14,34,12,20,15,11,12,10,21,20,8,11,9,19,16,13,22,20,9,26,15,13,7,15,11,7,26,10,13,4,14,32,13,13,23,18,40,11,13,9,8,19,23
Cincinnati       ,12,13,16,16,11,12,19,25,11,14,10,10,10,22,16,6,21,15,23,12,12,14,18,17,11,19,12,16,14,20,13,8,16,37,18,16,25,10,20,41,19,17,10,24,7,10,11,10,15,20,14,13,12,11
Tennessee        ,21,16,19,15,16,13,14,16,10,23,24,17,21,16,34,18,13,16,12,27,9,12,12,14,22,10,17,13,16,15,25,14,11,13,10,14,16,29,13,8,12,18,34,6,15,21,21,23,12,15,17,17,15,14
Ohio St          ,22,20,17,21,18,18,13,20,23,19,    ,20,37,21,23,20,17,19,15,16,6,25,17,20,14,11,20,15,13,17,11,16,12,22,16,18,19,23,19,11,17,16,27,18,11,24,22,48,13,17,20,27,16,16
Kentucky         ,18,24,31,14,29,23,20,10,28,20,12,21,17,17,15,31,15,20,27,17,23,18,20,16,32,30,19,29,23,12,21,26,30,10,28,22,11,17,14,10,13,19,17,30,31,19,16,3,24,19,13,19,28,36
Michigan         ,23,25,18,23,19,22,18,29,15,12,    ,19,23,15,17,16,19,25,24,14,15,27,27,24,16,20,16,19,27,25,12,19,23,32,30,21,28,16,25,25,30,21,18,20,14,18,24,19,22,26,26,23,21,15
Seton Hall       ,19,22,21,17,32,20,24,15,27,25,22,18,20,18,25,29,14,18,20,31,24,17,24,13,23,27,21,31,21,16,28,28,29,12,29,19,14,24,17,12,15,26,26,26,25,25,19,17,23,21,16,15,29,30
Arizona St       ,16,23,22,19,17,15,25,18,17,44,14,22,28,19,18,30,20,21,16,39,29,15,21,19,15,22,23,17,26,18,47,25,14,25,23,20,21,31,18,20,16,23,29,17,18,38,14,37,17,18,19,16,18,24
Arizona          ,14,27,30,25,23,26,21,23,24,24,16,25,12,25,19,24,26,26,21,18,26,23,25,28,29,25,24,27,19,22,23,24,28,24,31,27,24,15,22,23,22,25,16,23,24,15,17,11,21,22,23,29,24,29
Creighton        ,    ,26,26,27,15,30,22,31,21,18,    ,24,27,24,10,14,25,22,32,15,18,28,23,27,21,21,22,18,17,30,15,23,35,31,17,25,31,18,29,40,28,22,14,31,21,14,    ,20,26,24,29,26,14,13
TCU              ,24,30,23,24,27,24,27,22,22,21,21,23,18,23,22,21,23,23,22,24,37,29,22,22,27,35,27,23,28,24,27,27,24,23,19,23,20,25,21,18,24,24,24,18,26,22,25,26,25,25,21,25,23,20
Nevada           ,    ,17,11,22,20,21,23,17,18,29,    ,28,33,26,28,25,29,24,18,36,33,34,19,25,13,18,25,30,29,23,32,21,10,17,21,26,17,33,23,17,32,20,36,15,23,36,    ,28,20,23,22,20,26,21
St Mary's CA     ,    ,21,15,28,33,25,26,24,26,22,    ,31,32,32,27,17,42,30,26,25,22,36,30,31,26,23,26,37,46,28,24,20,22,43,37,32,26,21,30,34,43,30,25,28,30,30,    ,33,27,31,28,30,33,26
Arkansas         ,    ,32,41,31,24,38,31,27,29,32,    ,32,24,35,21,33,41,31,25,34,31,24,28,29,37,32,34,20,22,27,48,33,39,21,20,28,27,36,26,28,21,29,31,25,33,28,    ,23,28,27,30,35,22,17
Florida St       ,    ,28,25,33,26,28,29,34,25,39,25,27,26,41,13,27,35,28,29,22,30,43,31,32,25,37,31,21,24,35,22,32,25,41,27,24,49,27,32,30,34,32,21,35,22,27,    ,33,30,28,34,33,25,35
Florida          ,    ,34,33,35,30,27,33,35,30,27,    ,29,14,29,37,28,27,33,33,23,21,26,35,33,31,31,28,24,31,33,19,30,31,40,25,29,35,20,34,26,31,39,20,34,29,17,    ,15,33,32,33,34,31,41
Louisville       ,    ,35,35,30,40,34,30,26,31,16,23,30,35,31,29,39,33,29,31,20,41,42,32,26,42,38,30,33,25,26,20,36,46,19,24,30,23,22,27,24,37,31,22,40,40,31,    ,23,35,30,27,28,39,45
Miami FL         ,25,19,24,29,34,35,34,28,38,41,20,34,25,34,41,23,30,34,34,42,36,33,29,35,38,24,32,45,34,31,29,31,26,20,43,36,29,30,31,43,44,27,23,27,28,26,23,42,31,35,32,21,36,33
Rhode Island     ,    ,29,29,26,41,29,28,21,32,30,    ,26,49,27,33,36,24,27,28,33,48,21,26,23,49,34,29,39,30,21,34,34,43,14,34,31,15,37,24,22,27,28,40,29,41,39,    ,42,29,29,25,22,41,37
Butler           ,    ,36,44,32,36,33,32,33,35,40,    ,33,42,33,31,42,31,32,38,29,25,30,36,30,28,33,33,34,38,32,30,43,49,27,32,33,46,40,33,33,20,34,41,44,37,37,    ,27,39,33,31,32,34,52
Notre Dame       ,    ,38,34,44,28,32,36,50,33,35,    ,39,22,44,42,19,43,40,36,30,34,41,38,44,24,28,40,28,37,52,33,22,27,50,26,38,50,19,45,37,56,35,19,33,27,20,    ,33,36,38,44,42,27,27
Texas A&M        ,    ,37,27,39,25,36,38,43,34,64,    ,35,19,39,47,41,40,36,30,52,39,45,34,38,30,26,38,26,33,38,53,29,19,33,35,34,47,38,36,27,26,37,28,21,34,32,    ,51,32,34,37,40,32,28
Marquette        ,    ,46,47,38,46,40,39,39,42,33,    ,36,56,37,44,40,38,35,41,32,28,35,37,34,35,42,37,41,32,36,31,41,53,36,41,35,33,45,37,38,29,42,46,36,43,45,    ,31,38,42,36,39,45,39
Houston          ,    ,31,32,36,39,31,41,41,39,47,    ,40,46,42,40,35,34,37,43,46,38,38,33,37,36,29,41,44,43,42,39,39,37,49,49,40,40,46,41,47,48,36,48,42,44,42,    ,57,34,41,41,38,35,44
Missouri         ,    ,41,40,45,31,41,37,44,37,46,    ,38,38,50,45,45,56,45,37,47,27,48,44,43,45,44,46,32,39,41,36,42,33,35,33,42,42,39,39,39,41,33,38,39,32,35,    ,63,45,37,39,45,30,34
Texas            ,    ,42,48,42,38,39,45,55,40,38,    ,37,31,40,43,37,37,39,45,41,43,32,41,40,34,40,39,38,41,49,41,40,32,51,40,37,57,32,43,42,35,45,33,41,35,33,    ,48,40,44,45,46,40,42
Boise St         ,    ,33,38,34,43,42,35,30,45,51,    ,42,70,30,39,47,32,38,35,49,32,52,39,39,47,45,35,43,45,34,43,47,34,29,46,45,30,52,35,32,57,38,54,37,42,53,    ,53,37,36,35,31,42,74
Maryland         ,    ,44,39,41,35,54,40,45,36,43,    ,41,41,38,32,38,39,43,46,40,47,61,47,47,33,43,43,35,35,50,40,35,40,47,42,43,52,35,49,35,50,41,35,50,36,40,    ,54,42,39,52,50,37,32
Syracuse         ,    ,50,49,47,52,49,47,40,43,55,    ,50,48,47,46,51,45,46,40,44,50,59,48,48,46,56,54,49,40,48,52,46,41,34,38,47,36,50,40,31,39,44,45,48,46,56,    ,52,48,43,47,62,53,48
USC              ,    ,48,54,52,48,48,42,47,51,37,    ,56,39,65,54,49,78,47,39,38,46,50,45,56,43,52,53,48,44,40,42,45,45,44,45,50,45,41,42,45,45,46,42,37,48,43,    ,48,43,40,49,67,49,31
UCLA             ,    ,54,75,43,57,45,46,37,57,31,    ,44,50,48,35,63,51,41,44,35,51,44,53,41,50,94,49,55,55,37,57,52,60,48,51,46,38,49,38,48,40,49,47,66,52,51,    ,18,51,45,38,51,55,57
Alabama          ,    ,47,64,48,55,46,51,46,56,42,    ,49,52,52,60,50,59,51,51,50,66,31,46,52,57,57,50,57,49,45,35,51,55,39,50,55,48,47,44,46,33,48,51,53,57,44,    ,45,50,50,48,60,57,53
LSU              ,    ,52,63,46,51,43,44,53,55,62,    ,43,71,53,59,56,49,44,48,55,40,22,51,42,65,47,44,46,42,46,46,53,58,65,44,41,53,63,48,51,36,50,63,43,54,57,    ,69,49,48,50,47,46,54
MTSU             ,    ,39,42,40,59,52,48,36,49,58,    ,51,57,36,58,52,36,52,49,69,53,60,40,54,63,39,42,66,62,43,61,54,50,28,57,58,32,59,51,44,66,47,62,46,55,64,    ,46,52,53,43,37,60,51
Baylor           ,    ,65,62,66,37,53,60,82,44,28,    ,47,30,54,36,44,46,58,58,28,55,71,63,57,40,53,51,40,36,71,45,37,47,109,47,44,76,28,66,52,59,56,30,58,39,34,    ,22,46,57,69,75,38,25
WKU              ,    ,43,36,49,47,37,43,48,41,82,    ,53,82,43,73,55,48,55,42,80,44,58,43,60,41,36,45,51,74,53,54,50,38,38,39,54,43,70,53,36,73,43,73,32,47,83,    ,95,41,46,54,41,47,47
Virginia Tech    ,    ,45,55,63,44,61,53,61,48,36,    ,52,45,67,49,32,64,48,52,48,57,70,49,58,48,41,56,42,47,64,49,48,56,73,48,52,64,44,57,70,61,52,43,45,51,47,    ,57,47,47,61,58,48,46
SMU              ,    ,55,50,73,45,50,50,69,46,56,    ,57,29,78,30,34,90,53,54,37,42,63,57,68,39,51,65,36,50,69,56,38,36,85,36,57,65,42,63,49,53,62,37,62,38,41,    ,38,44,49,67,88,44,38
New Mexico St    ,    ,40,37,37,56,55,49,38,52,48,    ,48,83,28,62,72,28,54,47,73,59,47,52,45,61,60,36,67,83,39,37,57,44,46,82,53,44,64,47,60,62,40,67,56,53,66,    ,55,63,52,42,36,54,66
Kansas St        ,    ,57,51,54,50,51,54,65,47,49,    ,45,43,59,61,46,57,50,53,45,35,80,61,53,51,54,48,54,58,58,44,44,52,91,62,48,73,43,55,59,69,54,44,49,49,46,    ,40,54,55,56,55,50,49
Oklahoma St      ,    ,69,77,51,63,63,55,56,58,60,    ,46,51,61,38,64,54,42,50,51,52,73,73,36,68,65,47,53,59,47,50,62,69,81,60,39,70,56,46,56,51,67,55,64,59,54,    ,36,67,51,40,59,68,63
Oregon           ,    ,68,76,64,49,57,58,64,53,34,    ,54,40,77,48,59,85,59,56,43,62,72,42,62,55,59,57,52,57,63,64,60,63,79,52,59,68,48,60,63,60,63,49,65,58,48,    ,31,56,54,64,78,52,43
Georgia          ,    ,63,70,50,72,44,61,57,65,61,    ,55,66,55,53,79,44,60,57,58,54,40,62,50,67,70,52,61,60,51,62,61,59,56,80,51,58,62,52,62,38,64,60,63,61,59,    ,44,59,63,51,48,64,75
BYU              ,    ,49,45,53,61,60,57,51,61,65,    ,69,73,56,52,53,53,61,55,59,56,74,55,63,53,49,55,65,65,60,55,55,51,78,70,67,55,55,56,69,74,55,58,51,56,61,    ,73,55,59,57,53,58,61
San Diego St     ,    ,56,57,71,42,56,52,74,50,57,    ,60,53,79,89,54,83,64,60,56,45,62,56,69,62,48,64,50,53,67,69,49,42,64,54,64,71,53,67,57,82,53,50,59,45,49,    ,75,53,56,72,69,43,40
Providence       ,    ,60,87,58,62,58,63,52,70,50,    ,62,69,45,71,66,65,57,74,53,71,39,54,55,52,73,58,60,48,54,51,58,86,45,59,63,41,54,54,53,47,59,57,75,60,55,    ,46,57,60,55,80,66,68
NC State         ,    ,62,72,57,58,47,59,59,59,70,    ,58,77,57,68,61,47,49,59,67,63,37,60,51,59,62,60,56,69,56,63,67,78,68,53,49,61,60,58,55,42,66,64,87,64,79,    ,81,60,58,58,68,56,73
St Bonaventure   ,    ,53,56,59,65,67,64,54,66,76,    ,67,74,64,57,58,50,65,66,78,82,49,50,64,70,58,62,73,63,62,78,64,65,42,67,70,51,61,62,73,52,57,59,47,65,63,    ,81,61,64,65,43,62,64
Minnesota        ,    ,74,80,70,60,76,67,62,71,77,    ,65,44,51,50,65,70,63,61,65,70,54,64,61,56,79,74,59,52,65,102,63,75,84,61,61,59,51,61,67,70,76,52,68,62,52,    ,57,58,62,62,84,65,58
Penn St          ,    ,61,59,82,53,68,56,80,54,75,    ,64,47,91,51,43,92,66,62,57,49,108,76,85,44,46,76,47,51,86,58,56,48,117,55,69,102,58,79,54,106,65,53,68,50,50,    ,94,62,61,89,105,51,59
ETSU             ,    ,58,43,69,67,62,62,75,60,45,    ,66,107,63,55,62,58,78,88,63,67,87,66,90,73,50,59,87,86,83,38,59,54,82,81,88,72,85,91,78,95,51,85,55,63,71,    ,85,68,78,78,70,59,62
UCF              ,    ,64,68,65,97,64,70,58,86,80,    ,63,81,72,69,73,71,68,65,81,85,53,72,59,91,76,66,86,88,59,80,78,67,58,89,60,56,73,59,72,49,71,75,67,85,73,    ,61,74,69,60,66,97,97
Buffalo          ,    ,70,67,61,85,85,66,49,78,72,    ,72,98,68,91,106,66,70,70,88,69,65,59,66,106,71,69,89,90,55,59,85,85,26,65,74,34,82,65,50,63,58,88,57,88,100,    ,89,71,67,59,49,83,86
South Carolina   ,    ,67,84,80,79,69,72,71,87,54,    ,74,58,81,65,94,86,80,69,60,88,68,65,76,87,82,71,77,73,68,67,69,87,55,92,73,79,67,71,71,67,68,68,83,80,67,    ,38,73,70,70,83,85,56
ULL              ,    ,51,52,62,76,80,65,66,103,63,    ,75,97,60,87,57,55,67,78,82,61,75,58,75,90,61,63,85,61,74,68,73,81,87,94,84,63,94,83,91,85,60,94,60,79,69,    ,112,65,72,71,54,67,72
Boston College   ,    ,86,74,72,73,59,73,76,75,95,    ,70,89,46,74,82,61,69,79,86,68,51,68,65,54,72,70,71,54,78,112,72,83,83,68,62,62,76,76,61,58,88,80,84,68,85,    ,98,64,76,76,72,69,84
Mississippi St   ,    ,78,95,60,84,71,74,60,77,85,    ,68,65,66,66,86,67,56,63,77,89,57,82,46,96,99,72,68,101,57,79,82,97,75,69,56,54,84,64,65,54,72,82,118,83,78,    ,60,70,66,53,56,78,98
S Dakota St      ,    ,81,66,56,78,83,68,63,91,68,    ,59,100,62,81,102,62,75,77,89,60,55,77,67,83,89,61,94,128,61,70,79,74,59,109,71,67,88,70,89,55,61,91,78,87,91,    ,90,77,73,63,44,75,79
Utah             ,    ,80,86,74,71,81,84,73,62,98,    ,61,59,70,67,100,76,74,71,76,81,76,83,71,76,88,77,70,82,76,95,75,77,63,77,68,87,68,72,74,71,79,66,81,72,72,    ,62,76,75,75,81,84,83
Nebraska         ,    ,85,79,77,87,73,76,78,79,83,    ,71,103,58,75,87,63,73,75,74,72,64,80,70,58,83,68,72,71,77,72,86,70,72,73,65,78,80,73,64,77,75,84,74,86,90,    ,81,78,80,73,87,88,96
Missouri St      ,    ,66,46,68,81,66,71,67,63,122,    ,77,85,74,88,78,84,76,67,116,87,67,69,80,64,67,73,90,131,70,120,68,61,60,93,83,60,78,68,79,78,73,79,54,76,96,    ,100,72,71,66,61,87,69
Old Dominion     ,    ,59,69,76,70,90,75,72,89,97,    ,83,84,76,72,74,82,72,72,87,104,89,67,88,86,64,80,79,85,84,93,74,76,102,84,90,75,81,75,94,75,74,78,52,70,86,    ,98,75,74,83,77,73,67
Indiana          ,    ,100,123,83,90,79,69,104,85,52,    ,92,62,83,98,83,72,83,80,54,74,99,94,81,82,104,79,74,56,81,66,89,104,105,76,78,88,65,84,68,90,83,65,88,82,60,    ,69,84,84,85,107,86,101
UNLV             ,    ,76,88,78,54,77,87,79,64,150,    ,86,61,82,64,77,89,71,68,113,77,107,71,83,60,75,85,58,76,87,125,88,62,156,71,81,99,90,82,90,87,77,81,71,78,88,    ,126,66,68,79,94,63,80
Murray St        ,    ,72,58,89,75,72,78,85,76,111,    ,79,101,99,94,76,98,77,85,104,73,97,75,93,98,63,84,82,84,92,85,65,73,113,86,91,80,95,92,82,86,70,92,61,71,84,    ,141,69,79,84,71,76,55
Washington       ,    ,88,104,55,102,88,77,42,117,119,    ,73,105,49,63,146,52,62,64,102,100,46,74,49,101,140,67,95,102,44,122,113,111,54,91,66,39,105,50,75,46,93,107,72,97,127,    ,69,99,65,46,63,100,113
Mississippi      ,    ,103,101,87,95,70,79,84,90,59,    ,87,79,108,77,95,110,79,73,62,75,95,95,77,88,110,88,80,68,75,71,90,84,92,63,72,81,79,74,66,64,84,83,123,92,80,    ,56,86,81,77,114,96,103
Vermont          ,    ,73,61,79,89,95,96,90,81,89,    ,78,68,69,86,71,60,99,108,93,93,83,70,100,71,68,78,110,78,97,74,70,89,67,116,106,84,86,97,85,97,69,86,73,101,81,    ,75,88,97,100,65,90,76
Northwestern     ,    ,91,119,103,64,102,80,100,72,78,    ,76,54,88,56,60,91,88,90,64,84,118,91,98,80,85,94,62,66,104,75,76,112,108,66,89,114,57,94,76,113,92,56,122,69,58,    ,66,85,83,104,121,61,87
Loyola-Chicago   ,    ,75,60,67,106,74,88,68,94,69,    ,80,114,71,105,92,69,81,81,97,97,66,90,72,97,93,75,113,108,72,91,91,79,76,114,85,66,102,77,100,65,81,103,90,102,97,    ,80,93,85,68,52,105,90
Colorado         ,    ,87,102,75,98,86,83,70,111,67,    ,85,104,73,114,122,75,82,76,84,111,56,84,73,99,106,81,98,75,66,73,103,124,53,88,80,69,87,69,80,80,89,95,79,105,104,    ,66,92,82,74,79,102,110
St John's        ,    ,99,108,100,74,82,86,98,69,125,    ,91,63,98,121,90,107,84,83,96,86,113,99,87,75,100,97,63,77,93,148,77,68,71,56,77,82,75,86,58,98,96,71,85,73,68,    ,74,81,77,93,122,81,88
Iowa St          ,    ,101,124,85,113,75,98,83,99,53,    ,90,76,89,92,80,80,85,87,61,98,117,104,74,95,122,82,101,79,80,90,100,101,107,97,75,90,71,80,93,88,94,76,98,96,76,    ,30,101,88,80,109,107,95
South Dakota     ,    ,77,53,91,77,91,93,102,73,93,    ,81,94,101,85,70,97,93,100,108,106,103,81,106,69,74,86,88,123,108,87,84,57,118,101,97,105,101,109,88,110,78,98,95,81,92,    ,102,79,91,99,91,80,78
N Kentucky       ,    ,84,71,120,69,97,90,136,67,102,    ,97,86,120,80,67,119,104,113,95,92,116,85,139,81,55,114,84,81,136,83,71,64,122,85,117,122,97,133,86,114,86,89,88,77,75,    ,131,82,100,128,116,70,71
Temple           ,    ,96,99,97,96,65,107,99,152,141,    ,82,67,92,155,88,94,89,84,114,105,157,92,84,74,112,92,91,91,85,131,94,96,52,72,76,93,92,81,83,81,97,90,104,99,89,    ,96,96,86,90,97,104,123
Georgetown       ,    ,104,93,90,101,92,102,103,93,86,    ,84,108,87,76,109,79,86,94,91,95,110,103,82,94,111,83,99,105,98,89,99,107,161,99,79,113,93,93,118,72,99,93,98,100,93,    ,75,102,94,92,102,101,100
Wisconsin        ,    ,106,132,123,88,93,101,132,83,73,    ,89,55,122,104,68,115,100,89,68,79,193,110,108,77,98,100,75,70,118,111,80,91,140,74,82,139,66,108,87,105,110,61,131,89,62,    ,63,91,96,124,140,95,60
Belmont          ,    ,83,73,92,107,87,108,91,125,101,    ,96,91,95,100,97,93,96,96,119,107,78,78,96,72,90,89,104,118,95,101,98,100,101,108,104,95,108,95,111,76,95,108,93,109,98,    ,90,98,103,98,76,110,89
Furman           ,    ,71,91,95,100,110,97,93,114,81,    ,103,111,93,101,75,81,87,109,106,94,92,79,99,127,69,102,114,93,96,81,104,117,96,113,108,94,113,102,116,94,87,112,82,104,87,    ,109,90,98,97,92,92,82
Utah Valley      ,    ,89,82,88,92,114,85,88,105,99,    ,88,112,100,112,91,106,90,97,103,99,94,89,94,126,86,98,108,154,90,88,101,114,90,110,98,86,120,88,115,104,91,119,80,91,110,    ,113,95,90,87,90,89,81
UAB              ,    ,97,81,115,80,78,81,118,74,117,    ,99,99,116,90,96,123,101,92,94,80,123,102,116,85,78,95,83,109,115,98,81,66,160,95,102,118,91,118,103,111,85,87,110,66,105,    ,126,87,89,106,129,74,92
Iowa             ,    ,110,117,121,83,113,91,139,82,84,    ,98,78,123,78,69,124,108,103,72,76,174,111,120,78,87,104,81,89,124,82,87,94,136,78,101,140,69,125,97,129,102,69,114,84,65,    ,97,89,101,138,136,79,70
Fresno St        ,    ,111,92,113,91,120,99,107,95,113,    ,100,80,119,70,85,133,103,86,85,90,121,112,105,115,108,105,92,99,107,114,95,90,137,100,95,110,98,101,98,117,107,96,91,95,95,    ,84,94,92,102,119,91,99
Davidson         ,    ,82,110,153,66,108,92,158,84,66,    ,131,72,151,127,48,147,120,117,70,83,172,88,150,93,66,122,76,67,141,65,66,72,133,79,133,154,72,132,114,152,80,70,107,67,70,    ,120,80,104,149,145,72,50
Illinois         ,    ,115,137,132,68,101,94,141,68,105,    ,108,75,126,79,99,131,107,95,75,64,171,125,126,66,92,111,64,98,132,96,93,93,148,58,103,148,74,122,77,142,101,72,141,75,82,    ,102,97,93,136,164,77,77
VA Commonwealth  ,    ,118,109,107,124,105,105,89,113,100,    ,102,92,102,82,112,101,92,91,98,120,112,106,91,104,128,103,106,106,88,119,115,99,111,106,92,89,100,89,92,100,117,99,86,111,101,    ,75,107,95,95,117,129,112
Stanford         ,    ,123,130,98,112,103,82,87,120,74,    ,95,87,112,156,129,134,91,82,92,117,100,115,86,118,154,99,97,100,73,97,106,116,98,102,86,97,96,78,101,91,119,100,94,103,106,    ,85,109,87,86,120,115,111
Wake Forest      ,    ,114,133,143,82,99,95,147,80,88,    ,112,64,136,83,84,145,116,105,71,78,206,109,134,84,81,117,69,72,133,99,83,95,126,64,110,141,77,130,81,133,104,74,116,74,74,    ,90,83,106,146,167,71,65
Montana          ,    ,105,65,96,86,115,89,114,109,92,    ,94,120,96,93,133,105,124,115,117,58,109,114,112,110,103,90,111,136,109,76,92,102,125,131,132,123,115,105,130,124,82,116,70,93,122,    ,126,114,107,112,111,82,104
San Diego        ,    ,94,78,86,103,98,106,94,92,163,    ,106,138,85,107,136,95,97,98,152,96,88,100,97,100,102,87,109,155,101,152,108,71,120,107,99,100,119,98,110,101,113,120,75,98,128,    ,150,103,99,103,86,103,115
Towson           ,    ,93,85,112,104,112,118,110,106,108,    ,118,113,113,140,98,112,117,106,109,135,91,93,125,107,80,119,125,96,123,77,97,115,69,98,111,91,103,128,99,140,90,104,100,113,102,    ,114,100,115,118,74,106,116
Georgia Tech     ,    ,131,122,116,123,84,100,116,102,71,    ,104,88,133,151,110,126,105,102,90,91,101,127,102,112,123,106,117,117,103,84,102,98,135,111,93,111,89,100,107,84,115,97,118,114,103,    ,75,111,111,109,124,118,106
Connecticut      ,    ,127,131,94,145,119,114,86,142,90,    ,101,96,86,130,151,74,94,104,107,152,90,119,78,144,157,93,124,97,82,104,128,155,77,118,87,85,104,85,96,68,122,109,108,148,120,    ,69,127,108,88,95,151,166
Dayton           ,    ,120,128,125,118,106,103,108,108,103,    ,120,106,149,126,130,156,106,99,79,112,140,122,109,122,120,131,105,87,106,103,117,121,70,75,109,83,99,103,84,143,109,102,111,115,109,    ,90,106,102,114,139,113,105
Wyoming          ,    ,132,129,99,125,104,113,92,136,147,    ,110,110,105,135,168,104,109,93,123,134,96,130,92,121,159,113,116,134,91,157,123,131,86,103,94,96,126,90,106,102,128,127,106,122,133,    ,102,126,105,94,104,125,125
Vanderbilt       ,    ,141,180,161,93,111,109,165,88,91,    ,116,60,174,84,81,179,126,120,66,65,219,133,132,109,137,142,78,80,131,92,96,118,148,87,114,175,83,127,122,96,127,77,173,90,77,    ,65,105,116,155,187,93,93
UNC Greensboro   ,    ,92,111,118,120,96,116,113,112,109,    ,109,145,118,119,117,100,119,132,138,156,93,105,117,142,109,123,121,103,112,166,114,120,88,129,128,106,133,120,131,118,106,135,138,116,125,    ,108,113,120,107,99,117,94
SF Austin        ,    ,95,89,81,135,94,126,95,96,143,    ,93,153,75,138,142,68,98,118,166,145,81,117,89,148,115,96,136,196,105,153,129,110,130,163,100,98,136,99,149,83,116,139,115,121,138,    ,145,129,121,82,57,128,141
Grand Canyon     ,    ,121,118,137,99,124,112,138,97,106,    ,121,129,148,99,103,152,115,111,101,102,132,131,137,89,107,125,100,115,148,107,107,88,198,83,125,132,107,140,104,123,120,106,102,94,114,    ,114,104,114,145,157,98,130
Ga Southern      ,    ,79,90,108,116,118,131,120,130,126,    ,119,122,90,124,93,87,122,137,154,133,106,87,135,105,84,107,138,119,130,113,111,109,127,161,142,121,125,135,160,126,98,125,101,129,112,    ,146,112,129,123,89,123,117
Wright St        ,    ,102,100,84,154,116,110,81,138,115,    ,107,172,80,136,148,73,114,122,147,125,69,108,101,143,131,91,160,181,89,100,148,137,61,134,120,74,146,104,125,99,100,158,125,143,154,    ,131,135,119,91,64,147,150
Portland St      ,    ,90,105,109,94,126,121,124,101,131,    ,123,156,110,145,108,117,113,125,139,114,119,86,124,128,77,116,112,141,122,106,124,105,114,143,127,138,150,121,126,135,103,151,120,112,126,    ,162,110,118,119,106,94,140
Oregon St        ,    ,138,138,138,111,89,104,126,107,114,    ,114,93,158,111,138,166,118,101,100,103,161,135,121,102,130,138,93,95,121,105,110,119,169,112,107,130,111,112,109,125,124,110,128,108,115,    ,150,108,110,125,165,109,126
UT Arlington     ,    ,116,94,147,105,109,133,153,100,104,    ,141,90,130,116,105,138,144,127,112,113,148,134,167,79,91,132,107,124,168,121,105,106,150,115,150,157,106,152,108,186,112,101,96,106,99,    ,135,115,130,159,151,99,85
Toledo           ,    ,126,114,119,136,131,115,105,126,107,    ,126,146,127,129,141,120,128,114,115,139,102,124,119,156,127,121,137,138,111,94,126,127,93,121,129,103,123,107,117,116,108,126,121,135,140,    ,146,130,123,117,113,133,131
UC Santa Barbara ,    ,108,83,101,108,121,119,112,115,170,    ,115,152,106,139,163,109,125,116,184,147,120,121,110,134,114,112,127,165,113,143,119,82,100,140,115,119,148,114,128,121,114,148,77,117,144,    ,172,120,117,113,93,108,146
Iona             ,    ,117,112,127,122,129,123,152,116,94,    ,152,133,115,125,101,116,139,144,111,126,134,101,151,108,97,126,130,94,149,86,120,139,116,130,154,129,112,150,112,159,105,114,105,131,107,    ,153,118,136,156,125,122,108
Bucknell         ,    ,129,106,136,115,136,132,151,119,87,    ,130,95,121,122,104,128,146,143,110,130,136,98,156,92,101,129,129,104,151,110,112,123,129,146,145,145,110,155,133,158,121,111,96,126,94,    ,131,116,145,163,127,114,102
Memphis          ,    ,142,162,93,167,128,124,77,149,118,    ,111,134,84,132,177,77,95,112,126,165,82,129,79,150,182,101,140,122,79,139,165,172,95,139,96,77,130,87,105,79,133,145,166,164,157,    ,85,140,112,81,98,170,182
Wofford          ,    ,112,160,105,152,100,111,101,175,96,    ,105,176,94,95,143,96,110,136,122,143,79,116,103,177,133,108,149,92,94,109,158,184,103,152,122,107,159,110,162,89,123,163,147,146,151,    ,117,128,125,96,103,132,160
UC Davis         ,    ,107,98,104,114,132,137,117,131,158,    ,127,161,107,160,176,118,131,110,190,141,85,107,118,131,116,115,147,210,114,158,135,80,62,132,121,115,145,111,144,115,111,147,92,123,168,    ,110,121,127,115,85,124,156
Tulane           ,    ,119,140,117,137,122,127,96,144,175,    ,122,141,114,106,152,114,102,107,134,151,114,120,95,138,136,128,122,125,102,178,139,146,123,126,105,101,141,96,123,103,134,142,140,136,156,    ,135,119,109,101,115,145,163
Bradley          ,    ,109,103,110,134,156,130,106,146,159,    ,129,135,109,117,132,111,121,124,162,148,111,123,115,129,132,120,139,153,117,171,127,126,99,125,124,104,152,117,134,120,138,149,124,125,141,    ,106,131,124,108,108,137,109
Tulsa            ,    ,146,148,134,143,117,125,123,133,127,    ,124,115,146,109,135,148,123,119,124,144,135,144,113,124,155,124,115,126,120,142,138,125,121,122,113,120,121,116,119,136,146,121,113,138,121,    ,102,133,126,121,130,140,137
William & Mary   ,    ,98,121,102,166,145,129,97,165,112,    ,128,173,97,115,137,88,111,131,156,168,77,96,104,196,113,109,163,156,99,135,168,173,74,176,116,92,168,106,132,93,142,166,109,167,142,    ,126,125,135,105,82,152,144
Rutgers          ,    ,150,170,159,121,107,120,133,98,135,    ,133,147,159,96,116,153,112,133,99,121,129,153,131,116,147,152,103,64,140,145,133,134,200,90,112,142,118,138,95,119,147,118,174,110,116,    ,138,124,113,137,193,121,91
Rider            ,    ,113,97,122,119,139,128,119,132,130,    ,117,162,124,147,150,127,136,140,157,118,133,97,144,113,96,135,135,143,143,124,132,135,97,127,152,125,143,141,120,157,118,141,112,134,145,    ,185,122,133,143,110,120,136
Ball St          ,    ,143,107,114,155,138,141,111,159,123,    ,113,132,103,110,153,102,134,123,151,163,84,128,111,162,162,110,157,150,110,136,140,149,104,150,118,112,149,113,138,109,137,152,127,150,159,    ,106,141,134,110,96,159,147
Northern Iowa    ,    ,144,166,142,109,127,144,150,110,152,    ,140,102,139,141,131,141,129,126,129,136,188,151,128,130,142,147,102,116,135,173,130,128,132,96,126,152,109,119,121,128,144,105,151,119,118,    ,101,123,122,132,160,116,107
DePaul           ,    ,154,156,169,110,125,117,168,104,140,    ,125,117,165,108,111,158,138,129,105,101,214,157,152,103,119,143,96,110,162,115,109,108,185,105,119,185,116,153,113,138,140,115,133,107,108,    ,141,117,131,166,191,111,118
Northeastern     ,    ,133,120,124,140,155,138,128,156,137,    ,136,137,128,144,115,122,140,146,148,138,124,126,133,145,126,139,152,121,129,118,131,156,119,136,137,128,135,139,137,130,131,134,103,140,131,    ,163,132,138,131,123,138,120
Princeton        ,    ,140,135,155,126,141,122,163,124,79,    ,135,130,152,103,107,151,154,154,83,110,192,132,164,139,105,140,132,107,165,60,118,145,146,145,159,170,114,164,142,166,125,113,138,124,111,    ,117,134,150,173,146,119,124
Penn             ,    ,124,142,130,139,153,140,129,150,129,    ,150,139,117,97,114,113,130,164,125,149,127,118,142,164,118,144,144,111,145,127,150,152,172,166,160,136,140,144,150,122,139,140,135,141,129,    ,192,150,142,140,137,134,133
Col Charleston   ,    ,137,116,141,147,140,148,135,129,138,    ,139,118,145,217,128,136,152,147,131,154,115,138,148,152,143,153,161,139,147,116,125,157,128,141,148,127,122,149,139,127,135,122,132,139,119,    ,120,148,147,129,128,144,148
Marshall         ,    ,148,134,131,150,143,134,127,137,121,    ,134,163,129,102,167,125,135,128,128,169,128,139,138,154,139,130,142,182,138,138,155,161,141,142,140,124,155,136,127,132,149,155,148,149,162,    ,117,136,137,133,138,142,151
Hofstra          ,    ,125,152,111,160,148,157,115,163,136,    ,138,142,111,187,156,99,137,150,178,185,86,113,122,153,151,127,172,160,116,133,166,183,80,172,143,109,156,129,151,107,129,160,160,172,152,    ,166,147,144,120,73,163,153
Georgia St       ,    ,122,96,152,131,123,146,160,122,120,    ,153,125,132,157,120,137,161,172,149,116,155,140,169,114,117,133,153,157,169,117,121,92,173,165,167,166,128,170,141,188,130,129,134,132,134,    ,160,145,157,169,150,139,128
Idaho            ,    ,128,115,150,117,152,139,155,118,132,    ,144,144,156,131,134,159,159,139,141,119,159,147,168,149,121,146,123,164,164,108,116,113,174,160,161,169,134,162,161,174,126,136,130,118,150,    ,131,138,149,150,142,112,154
CS Fullerton     ,    ,139,141,106,170,147,135,109,161,116,    ,132,207,104,164,190,103,132,153,175,123,105,136,107,202,167,118,187,167,100,126,170,159,110,185,123,116,180,115,167,92,136,188,160,159,192,    ,120,149,139,111,100,149,170
Oakland          ,    ,162,125,149,151,163,159,148,169,128,    ,145,109,140,113,126,154,150,138,127,131,138,143,158,117,156,157,154,140,154,155,136,147,162,157,151,143,127,154,146,153,148,132,117,153,132,    ,150,144,153,153,144,157,158
Albany NY        ,    ,136,113,129,157,137,156,131,135,161,    ,162,131,141,118,118,108,141,158,163,137,149,148,146,120,124,148,155,142,158,141,154,148,155,164,168,147,157,158,129,156,132,150,129,177,124,    ,181,164,146,151,132,165,135
Washington St    ,    ,155,174,145,133,133,143,134,139,173,    ,148,158,150,169,189,172,133,121,130,140,183,152,129,137,185,149,118,148,127,174,151,132,147,104,130,135,144,124,124,139,162,143,157,130,165,    ,110,143,128,134,163,141,142
Evansville       ,    ,152,126,128,172,144,150,122,164,134,    ,142,175,135,181,179,140,142,134,159,157,125,155,130,167,161,141,167,195,128,164,141,129,106,135,134,108,170,131,102,147,152,171,144,161,171,    ,126,137,143,122,135,171,127
N Dakota St      ,    ,134,145,151,130,160,149,166,143,148,    ,137,154,155,120,139,150,151,155,140,127,126,145,157,159,129,145,145,185,160,134,142,138,131,138,146,162,137,161,166,134,141,137,149,142,139,    ,153,151,155,158,141,127,168
San Francisco    ,    ,172,161,157,132,135,136,157,121,167,    ,149,128,161,154,159,194,153,130,132,115,180,167,155,119,149,150,126,151,150,156,137,130,159,124,138,158,132,147,136,173,157,128,153,120,143,    ,158,139,141,154,172,126,121
FL Gulf Coast    ,    ,165,146,181,127,158,147,173,123,151,    ,163,121,185,168,113,195,166,145,120,124,153,169,186,133,141,167,120,130,182,132,134,122,189,128,171,176,129,175,140,172,150,123,156,128,117,    ,161,162,152,172,189,136,114
S Illinois       ,    ,159,147,154,148,166,152,145,153,166,    ,160,150,160,137,160,160,155,142,150,162,139,160,147,146,172,159,158,146,146,185,146,142,138,123,147,137,151,145,135,177,160,146,145,145,158,    ,120,159,148,144,152,150,129
Illinois St      ,    ,158,171,140,175,150,155,140,177,144,    ,147,151,147,161,181,142,147,149,153,159,179,166,127,169,189,136,175,163,126,183,164,160,89,149,135,133,153,134,158,141,169,153,150,168,163,    ,68,163,154,130,134,180,122
Drake            ,    ,149,149,133,162,146,151,144,168,145,    ,143,191,137,172,157,143,149,152,164,155,143,146,140,135,135,137,171,132,134,140,153,153,139,186,139,159,175,142,185,144,143,180,143,156,166,    ,153,153,158,142,126,160,179
Duquesne         ,    ,156,172,156,164,151,142,125,155,149,    ,170,193,172,123,145,168,127,135,121,166,141,162,136,163,168,169,133,129,137,128,169,166,218,147,144,131,171,137,172,163,159,168,177,144,175,    ,198,146,132,126,174,156,165
Valparaiso       ,    ,147,139,164,141,172,169,161,158,133,    ,157,124,164,184,124,169,164,163,146,183,160,154,166,158,134,166,159,127,167,167,149,158,142,154,163,171,131,166,153,183,151,130,158,163,137,    ,153,157,161,162,154,161,132
Louisiana Tech   ,    ,160,158,174,149,161,168,175,140,181,    ,168,127,183,146,121,191,162,159,142,161,190,170,171,140,144,170,143,147,178,165,147,144,153,119,162,165,142,172,147,178,167,138,162,151,123,    ,138,158,164,174,177,148,149
New Mexico       ,    ,169,187,190,129,164,145,191,128,153,    ,169,140,207,170,125,223,167,151,118,142,218,172,184,132,152,179,119,113,177,144,144,133,206,117,158,194,139,171,168,148,168,133,180,127,130,    ,141,156,159,183,216,130,138
Jacksonville St  ,    ,145,144,168,163,142,173,159,134,168,    ,166,143,167,128,123,155,148,162,171,167,147,149,172,125,150,163,151,149,170,201,157,150,219,162,172,164,166,168,175,168,174,161,142,160,146,    ,163,152,163,168,158,173,139
Utah St          ,    ,173,177,162,146,178,164,169,148,176,    ,155,123,154,148,149,144,157,170,145,153,187,165,162,141,163,158,141,168,166,182,160,154,168,137,153,173,147,167,152,171,171,144,168,154,155,    ,135,166,162,170,166,155,157
Elon             ,    ,164,153,135,184,169,167,130,180,155,    ,165,178,138,176,173,132,163,178,177,184,104,150,143,183,179,154,188,137,139,151,178,203,94,171,170,117,169,156,154,149,155,177,158,193,160,    ,146,176,166,127,112,186,167
Mercer           ,    ,151,151,210,128,168,161,208,127,177,    ,172,116,212,152,89,209,183,193,136,108,202,156,208,147,95,186,128,112,204,130,122,103,220,144,187,206,117,196,170,175,154,117,164,133,113,    ,200,142,176,220,207,131,119
Lipscomb         ,    ,135,127,146,176,165,179,146,182,154,    ,158,136,142,143,165,121,169,165,205,207,98,137,153,190,158,161,213,223,153,195,167,181,66,197,174,150,183,151,183,131,163,181,126,183,148,    ,158,169,177,141,101,177,134
Massachusetts    ,    ,179,173,163,168,130,153,162,160,162,    ,164,155,168,302,147,170,145,156,137,122,152,168,141,136,190,164,146,114,144,184,163,164,170,158,141,149,154,146,155,154,164,157,176,155,149,    ,172,160,151,161,173,166,162
Colorado St      ,    ,182,178,139,190,182,163,142,181,139,    ,146,157,134,193,214,146,158,148,144,158,151,181,123,176,210,134,179,202,125,137,181,175,124,182,131,146,161,126,176,112,166,167,154,176,191,    ,85,185,165,139,133,187,190
Canisius         ,    ,166,136,166,156,154,154,180,145,110,    ,173,187,171,175,158,185,171,182,133,132,166,142,181,123,125,165,165,144,179,123,156,163,157,159,189,161,172,183,157,185,145,170,151,157,161,    ,205,155,170,180,170,146,145
La Salle         ,    ,176,193,186,138,134,170,194,141,174,    ,171,119,188,166,127,188,174,173,135,109,238,174,185,111,153,189,131,120,188,154,145,136,166,120,169,188,138,184,145,213,156,131,169,137,135,    ,177,154,167,196,200,143,155
N Colorado       ,    ,157,150,144,142,162,160,154,147,186,    ,156,180,144,134,175,165,160,160,191,150,142,158,159,155,164,162,148,227,157,186,161,151,145,155,156,153,188,160,159,161,158,184,167,152,182,    ,194,167,160,157,148,135,185
Radford          ,    ,130,143,148,165,167,166,156,170,180,    ,151,189,131,179,172,129,172,171,200,181,122,141,165,161,146,155,180,180,161,160,162,178,115,173,173,144,193,165,171,137,153,198,135,173,179,    ,200,165,169,152,118,164,174
Hawaii           ,    ,194,192,126,180,183,158,121,172,179,    ,161,192,125,149,218,130,143,141,169,170,131,191,114,216,232,156,166,193,119,177,188,197,191,179,136,126,184,123,148,108,172,189,186,170,201,    ,141,181,140,116,147,179,181
St Joseph's PA   ,    ,189,159,178,161,149,165,177,157,146,    ,154,126,181,158,154,186,180,168,143,160,244,182,178,172,165,172,150,135,181,150,143,141,190,170,164,195,124,179,163,184,170,124,137,162,136,    ,205,161,174,193,180,162,178
W Michigan       ,    ,167,155,158,193,171,171,143,189,124,    ,159,148,157,167,186,157,165,167,158,196,144,173,145,218,195,151,174,158,142,161,180,170,163,205,157,151,163,157,188,145,161,172,163,188,174,    ,120,174,168,148,143,194,197
C Michigan       ,    ,153,168,165,169,173,175,137,162,204,    ,178,209,170,142,155,162,156,166,185,187,156,159,160,205,177,183,168,179,156,200,177,174,151,180,175,134,181,143,174,162,165,175,165,166,183,    ,172,172,156,135,153,175,173
Indiana St       ,    ,191,169,189,144,157,162,188,151,194,    ,167,164,194,190,198,214,191,161,160,129,221,196,183,151,193,173,134,189,183,180,152,140,165,133,166,193,162,173,164,187,173,159,179,147,181,    ,176,179,171,184,188,153,159
Pacific          ,    ,186,185,167,178,174,172,167,173,164,    ,174,194,169,203,204,187,173,157,188,164,199,177,163,174,186,160,169,203,155,176,182,179,134,168,149,163,190,148,169,155,178,196,155,178,187,    ,181,170,172,164,161,183,180
IPFW             ,    ,177,165,177,181,180,177,186,179,192,    ,177,174,175,133,161,175,185,188,176,192,158,194,188,171,184,171,184,200,187,169,172,171,176,188,185,187,173,190,189,206,176,173,171,184,173,    ,190,186,183,175,168,174,183
UNC Asheville    ,    ,163,164,171,194,181,187,174,203,209,    ,175,186,162,210,164,149,182,180,209,213,145,164,176,185,169,174,201,186,174,202,175,186,144,184,180,174,179,177,190,160,181,182,146,199,170,    ,169,178,188,171,149,200,211
Austin Peay      ,    ,175,186,176,183,176,174,183,178,196,    ,183,228,180,183,202,182,175,176,192,146,175,180,179,198,171,175,178,183,173,179,186,168,195,189,177,183,202,169,165,180,180,208,171,175,198,    ,195,168,179,176,179,178,193
Ohio             ,    ,216,189,194,173,170,178,190,171,183,    ,188,167,201,173,187,204,193,179,155,175,209,202,189,195,211,204,156,194,189,190,179,165,216,153,183,191,165,187,177,165,187,162,196,158,176,    ,166,197,178,194,202,169,172
Pittsburgh       ,    ,214,217,173,207,187,182,164,201,195,    ,181,170,179,171,252,184,170,174,173,211,220,204,149,197,180,181,186,166,159,229,203,221,158,148,155,156,178,159,143,164,206,179,204,207,197,    ,120,192,173,160,181,213,210
St Louis         ,    ,204,206,193,185,175,176,189,176,191,    ,182,160,196,174,185,206,178,169,174,176,233,208,177,179,226,197,162,152,180,194,183,189,197,151,165,189,176,174,156,205,204,174,191,181,184,    ,177,180,175,179,218,189,188
Liberty          ,    ,170,167,197,182,159,189,195,154,207,    ,191,195,202,159,119,176,176,205,204,189,163,186,202,168,145,196,176,171,199,222,176,162,255,181,195,198,200,200,182,195,201,191,175,179,180,    ,198,175,185,195,205,188,184
Robert Morris    ,    ,171,163,170,187,190,183,172,190,212,    ,184,190,166,192,196,164,181,190,229,202,162,161,182,166,175,177,195,212,185,211,197,194,152,187,192,168,212,189,173,194,185,212,193,189,207,    ,225,182,187,186,155,191,191
Tennessee Tech   ,    ,168,182,160,218,205,193,149,226,190,    ,179,205,143,207,201,135,168,189,225,212,130,171,154,222,201,168,223,173,152,232,216,223,143,238,176,155,217,163,204,150,196,222,184,220,206,    ,169,191,182,147,131,220,234
UMBC             ,    ,178,197,175,188,217,198,192,199,160,    ,212,211,153,185,171,139,195,209,180,206,137,185,194,187,178,190,218,169,193,162,185,213,181,207,205,180,192,201,210,146,175,195,206,192,190,    ,207,173,198,190,171,185,196
North Texas      ,    ,181,204,183,159,179,180,193,167,203,    ,196,238,177,180,215,183,190,177,199,178,177,184,191,178,194,178,185,191,190,196,192,198,182,178,186,186,203,178,180,208,186,202,181,174,215,    ,225,189,186,187,184,167,177
Troy             ,    ,193,176,216,153,177,181,232,166,156,    ,189,165,216,212,170,227,211,202,168,128,248,201,230,157,166,188,164,217,226,149,159,143,217,156,201,224,174,216,181,254,177,164,203,165,167,    ,196,187,197,230,223,154,143
Army             ,    ,174,154,180,186,198,197,199,188,208,    ,199,185,173,204,162,161,192,204,211,195,169,163,197,193,160,184,210,145,200,204,187,182,192,190,202,181,199,202,186,196,179,200,219,197,178,    ,253,184,192,199,159,192,187
E Washington     ,    ,192,188,199,158,185,184,219,174,187,    ,185,200,200,195,184,218,201,195,181,174,235,197,204,170,187,185,173,214,201,175,174,169,193,169,191,221,189,203,196,231,184,186,200,169,186,    ,187,183,195,205,190,158,161
Winthrop         ,    ,180,179,229,179,184,203,225,191,171,    ,195,169,210,199,166,205,203,206,161,186,195,178,233,208,148,206,204,133,227,170,171,185,209,174,209,209,167,229,197,198,200,169,199,171,172,    ,169,171,209,228,222,168,169
Weber St         ,    ,188,203,201,177,203,185,200,193,206,    ,200,182,203,165,144,196,186,185,187,177,181,189,200,225,173,207,170,176,198,192,195,190,240,177,190,201,185,191,193,201,203,183,224,180,169,    ,181,193,189,198,211,176,176
St Francis PA    ,    ,187,157,187,198,188,190,187,210,197,    ,186,179,190,206,191,173,196,194,215,237,170,175,193,224,170,199,215,170,192,193,190,201,154,202,198,179,201,195,178,169,183,204,207,202,195,    ,215,177,196,191,162,203,186
Monmouth NJ      ,    ,196,194,223,174,186,199,222,183,178,    ,197,171,230,196,169,233,217,211,167,188,298,192,219,160,138,216,182,162,225,147,173,177,171,167,210,220,160,219,198,252,182,156,182,185,153,    ,181,188,203,250,208,172,152
G Washington     ,    ,224,226,185,203,196,192,185,206,214,    ,187,177,178,162,221,174,187,184,189,215,222,205,175,192,244,192,181,199,184,217,209,211,211,200,179,192,186,180,184,176,212,185,214,206,193,    ,153,200,184,188,192,204,219
Niagara          ,    ,197,210,172,220,192,195,178,215,188,    ,194,220,163,218,223,167,188,192,214,216,150,187,174,180,223,176,221,192,175,197,210,215,177,217,194,160,208,186,191,181,188,215,208,214,210,    ,215,207,191,181,169,221,214
Yale             ,    ,184,195,200,196,231,209,205,197,157,    ,206,168,199,227,140,181,200,225,183,217,223,179,205,209,176,198,211,161,206,189,196,210,187,220,207,213,164,210,213,190,192,165,229,212,147,    ,204,201,204,207,183,201,199
E Michigan       ,    ,210,181,207,195,200,208,204,198,200,    ,192,159,213,189,203,197,205,181,182,200,178,221,198,245,224,205,199,213,202,188,191,180,203,203,196,202,182,194,209,197,194,178,177,196,188,    ,200,210,199,192,185,198,194
Wagner           ,    ,185,175,182,211,199,204,182,211,226,    ,203,206,176,220,205,163,194,210,232,209,154,188,192,226,192,201,220,216,195,225,199,192,167,227,213,178,216,193,179,151,195,220,187,208,219,    ,229,190,193,185,176,212,221
UC Irvine        ,    ,200,198,215,171,207,196,235,186,184,    ,193,184,224,232,180,244,222,197,186,173,230,199,217,165,198,202,191,201,214,181,184,195,179,183,199,238,177,211,224,211,199,176,197,187,177,    ,177,195,208,225,214,181,189
Seattle          ,    ,198,231,192,204,216,188,170,205,236,    ,204,218,189,150,220,208,179,175,213,194,146,198,180,206,237,200,189,233,176,272,221,207,236,206,182,184,221,176,206,192,208,221,205,190,224,    ,192,196,180,165,210,210,192
Texas St         ,    ,183,184,204,209,189,205,209,185,169,    ,205,196,187,186,183,202,202,222,193,180,176,190,223,182,183,182,206,270,222,163,198,196,251,245,219,215,197,214,227,242,193,201,170,204,199,    ,190,203,210,216,203,197,201
Harvard          ,    ,228,215,220,189,191,200,226,195,185,    ,198,149,226,191,178,220,229,212,165,171,278,219,213,204,209,215,192,198,218,146,189,220,201,196,203,225,158,209,216,227,191,154,194,198,164,    ,210,205,207,233,215,184,202
California       ,    ,249,249,184,217,197,191,179,217,172,    ,180,166,193,225,259,240,184,191,179,214,236,250,161,207,297,191,190,209,163,252,212,239,164,192,184,182,187,185,194,170,227,187,225,203,202,    ,114,242,181,182,217,217,206
St Peter's       ,    ,211,199,219,192,221,211,220,192,142,    ,210,204,214,188,174,215,221,230,170,182,241,183,239,181,188,218,197,172,242,129,193,200,233,226,233,231,194,242,202,235,189,190,195,194,185,    ,200,198,215,248,227,182,171
Miami OH         ,    ,161,219,179,225,223,201,171,231,201,    ,201,264,182,234,222,180,177,203,239,224,186,176,170,251,199,203,231,266,171,191,241,247,112,209,188,167,232,182,205,179,202,238,201,232,231,    ,215,209,194,167,156,223,227
George Mason     ,    ,229,244,191,228,212,194,176,224,198,    ,202,202,184,221,237,178,189,187,196,257,204,214,173,212,257,187,196,187,172,237,232,262,196,195,181,172,204,181,187,189,216,207,219,229,214,    ,163,211,190,178,206,228,228
Boston Univ      ,    ,202,200,206,210,209,206,218,204,165,    ,219,222,206,211,182,200,207,220,194,203,200,195,212,210,197,211,228,175,212,168,206,231,207,225,222,197,191,215,201,225,190,192,198,224,189,    ,231,208,213,214,194,208,205
Manhattan        ,    ,231,218,209,212,194,202,202,196,189,    ,213,217,215,205,207,224,206,208,206,198,208,207,206,184,207,214,205,188,207,172,207,219,223,216,208,205,196,207,208,221,197,194,212,213,204,    ,244,206,201,215,212,206,195
Oral Roberts     ,    ,240,183,198,205,202,186,216,194,182,    ,176,250,204,197,272,234,213,198,197,172,243,244,195,191,229,194,208,230,194,159,194,176,178,211,193,218,206,206,192,239,198,206,185,200,234,    ,231,221,206,213,226,195,231
Bowling Green    ,    ,201,191,188,234,235,215,184,236,205,    ,207,224,186,228,236,171,197,186,222,232,173,212,190,263,238,195,240,250,191,212,227,227,214,222,197,177,219,192,195,203,207,225,187,245,232,    ,187,225,200,177,178,240,215
Long Beach St    ,    ,226,196,195,226,195,210,198,232,215,    ,190,237,191,243,260,203,209,183,233,204,217,230,187,219,247,180,229,249,186,219,219,202,175,249,178,208,211,188,200,214,221,216,189,219,245,    ,172,216,205,189,186,234,240
Nicholls St      ,    ,190,211,203,213,220,207,201,214,253,    ,208,243,197,249,212,199,198,199,269,199,168,193,211,240,191,219,216,261,208,265,213,206,208,201,215,196,250,205,219,204,211,249,215,186,242,    ,272,199,202,201,196,207,198
Stony Brook      ,    ,222,237,228,200,214,223,234,219,218,    ,227,188,228,224,211,229,224,228,218,245,250,210,228,189,205,226,200,178,231,203,211,229,212,194,226,230,207,235,218,226,213,203,244,218,196,    ,215,212,222,235,228,209,209
New Orleans      ,    ,206,216,214,206,226,217,242,220,199,    ,215,213,208,219,250,189,234,235,219,210,226,213,232,231,219,209,230,245,235,199,214,222,186,193,232,233,224,234,231,210,210,227,209,210,241,    ,213,229,229,217,199,199,217
Sam Houston St   ,    ,219,221,224,201,244,212,229,209,222,    ,226,229,217,250,224,210,228,218,212,201,185,224,235,261,212,217,209,231,232,187,204,226,242,199,228,239,214,217,228,219,209,213,237,201,216,    ,213,213,221,212,234,196,200
Navy             ,    ,209,207,202,248,248,237,181,246,248,    ,221,203,195,198,194,190,199,219,228,270,167,200,203,232,227,227,250,174,205,251,234,248,222,260,217,190,226,204,229,212,219,233,231,251,208,    ,215,233,214,202,197,251,249
South Alabama    ,    ,215,213,221,214,201,216,224,207,239,    ,222,258,222,200,206,228,214,229,243,179,216,216,225,201,203,224,203,234,230,248,217,191,243,198,218,219,228,222,203,261,224,224,232,211,228,    ,244,218,220,231,231,216,207
UT San Antonio   ,    ,221,222,258,191,193,222,264,184,238,    ,233,199,244,177,216,255,235,207,203,190,245,225,268,186,196,225,183,235,271,245,200,167,284,204,220,270,213,240,207,259,238,205,210,182,220,    ,225,202,225,244,271,190,164
Kent             ,    ,227,246,225,221,232,220,210,234,225,    ,230,214,234,209,208,237,208,214,195,230,232,228,209,239,231,237,219,207,211,206,233,255,229,221,227,212,198,213,226,216,220,197,243,230,203,    ,185,228,211,219,245,227,226
UTRGV            ,    ,212,208,303,351,237,213,211,218,202,    ,217,257,198,208,242,198,219,196,220,226,196,206,216,199,225,193,227,262,215,209,215,216,230,239,211,216,235,208,222,238,205,236,222,215,238,    ,231,217,218,208,201,214,220
N Illinois       ,    ,230,240,218,231,240,221,207,229,220,    ,231,234,225,194,233,219,210,226,201,233,205,234,207,254,240,233,225,219,210,224,231,224,232,214,221,211,210,223,223,237,225,210,251,225,227,    ,209,234,216,211,233,229,203
Akron            ,    ,239,241,213,250,251,229,203,243,213,    ,224,225,219,201,246,212,204,200,198,258,210,240,201,278,263,220,234,257,203,218,246,230,244,237,200,203,209,197,217,182,239,211,228,246,221,    ,138,237,212,203,224,252,236
Delaware         ,    ,235,234,211,243,242,225,197,225,211,    ,211,232,211,216,270,207,215,215,230,264,164,227,199,237,253,212,247,205,197,208,245,244,231,257,206,199,223,198,247,193,226,230,226,243,240,    ,207,236,217,200,195,253,258
Cent Arkansas    ,    ,208,190,237,199,215,224,251,202,245,    ,216,249,237,223,210,238,233,227,223,208,228,211,258,173,181,223,202,211,256,205,201,188,270,241,240,263,234,253,234,273,218,229,211,195,235,    ,272,194,230,247,238,193,212
Southern Miss    ,    ,225,223,222,219,234,219,231,221,228,    ,220,246,209,235,266,211,232,216,257,197,215,232,220,230,221,221,224,263,223,234,218,214,205,210,212,229,240,231,212,200,214,243,227,216,256,    ,239,219,227,223,230,218,244
SE Louisiana     ,    ,207,201,205,253,211,238,212,249,216,    ,218,230,205,214,239,177,231,224,265,234,184,217,215,256,216,210,284,295,219,214,236,238,183,256,231,204,248,212,241,215,215,251,218,255,251,    ,257,224,244,206,175,237,213
Montana St       ,    ,218,214,196,237,252,233,196,259,232,    ,209,227,192,242,235,201,212,201,270,265,182,215,196,234,249,208,249,276,196,239,244,253,213,281,214,200,242,199,253,236,228,247,183,250,236,    ,187,240,224,197,182,250,268
Colgate          ,    ,220,209,233,222,224,239,228,200,244,    ,242,216,240,153,195,225,226,249,235,239,249,223,241,220,204,241,226,206,247,228,225,234,234,219,241,235,225,256,220,228,222,226,235,236,194,    ,280,230,228,239,236,226,225
Abilene Chr      ,    ,205,212,212,244,229,230,214,239,217,    ,234,226,221,237,234,213,220,232,262,253,165,209,234,264,208,222,266,251,233,221,238,228,247,259,242,217,256,218,249,202,223,260,215,244,239,    ,244,226,236,204,213,231,224
FL Atlantic      ,    ,213,202,232,236,222,234,230,208,249,    ,225,252,220,285,228,221,230,217,255,236,229,226,236,274,215,213,245,228,229,230,235,218,204,213,216,222,253,227,199,218,236,255,233,231,250,    ,235,214,232,227,237,235,222
Appalachian St   ,    ,203,232,240,232,210,231,244,237,223,    ,232,210,233,252,200,249,216,237,247,227,259,218,242,200,202,232,212,184,238,255,226,205,238,212,224,240,241,233,225,291,241,239,202,228,217,    ,263,222,235,243,249,230,232
Loy Marymount    ,    ,243,243,245,208,236,228,250,187,227,    ,235,198,252,258,248,256,242,213,208,191,269,247,247,213,236,230,194,238,241,238,223,217,241,208,223,253,244,230,237,233,242,237,239,205,237,    ,215,223,226,238,262,211,223
Richmond         ,    ,288,266,257,229,206,218,265,240,193,    ,223,197,257,236,227,272,246,231,172,205,319,271,240,203,260,234,198,190,240,207,228,225,246,191,204,254,195,244,221,296,246,193,253,221,200,    ,168,239,234,269,276,219,216
Coastal Car      ,    ,245,242,272,197,219,235,286,223,254,    ,249,181,259,178,213,276,249,239,202,193,275,243,274,194,214,249,177,220,286,249,202,204,262,175,238,274,205,272,214,302,245,199,236,191,205,    ,235,220,238,272,282,202,175
Gardner Webb     ,    ,195,238,217,271,225,227,215,250,219,    ,229,240,229,229,217,192,227,258,248,251,212,220,224,267,217,229,271,224,209,216,249,250,194,271,237,232,262,221,238,167,229,264,213,258,248,    ,222,238,242,210,221,263,257
Lamar            ,    ,223,225,243,216,227,254,255,213,256,    ,243,208,232,238,197,247,237,221,244,235,194,231,254,236,213,236,217,280,269,241,220,193,279,224,234,262,227,245,242,244,237,223,230,222,212,    ,253,227,240,240,242,222,208
TX Southern      ,    ,233,229,269,202,213,226,266,222,233,    ,241,241,282,253,209,246,280,223,245,225,297,222,289,175,200,240,207,246,251,227,208,187,226,247,256,282,215,247,246,217,217,209,189,209,209,    ,253,215,239,284,268,205,204
WI Milwaukee     ,    ,248,205,226,230,218,236,213,212,268,    ,214,183,245,215,255,257,223,240,246,240,254,266,210,188,266,242,222,265,216,253,222,208,225,242,236,237,222,243,235,268,232,218,241,235,226,    ,244,270,219,229,240,238,243
Lehigh           ,    ,244,245,230,242,260,246,241,254,229,    ,255,231,223,226,230,222,244,245,216,246,237,236,237,255,242,235,254,177,237,213,240,243,227,255,249,227,218,236,245,230,234,219,245,249,218,    ,222,248,243,242,220,249,248
Fairfield        ,    ,247,220,247,227,239,241,246,230,262,    ,244,201,249,230,225,248,245,242,249,222,283,237,249,215,222,260,237,236,253,242,224,212,228,215,244,234,220,252,215,264,233,214,223,227,223,    ,259,232,241,264,252,225,218
Hartford         ,    ,246,233,227,256,208,214,206,216,258,    ,228,296,236,182,265,242,218,233,250,220,203,251,214,221,250,228,236,226,221,198,257,259,249,243,229,210,289,225,211,257,231,294,248,247,276,    ,285,245,223,218,235,241,291
Brown            ,    ,236,224,238,223,243,240,237,228,234,    ,238,239,235,240,244,217,239,257,227,243,234,233,246,269,228,247,235,197,250,240,239,237,248,240,253,242,252,259,230,199,230,246,278,240,244,    ,289,231,233,246,241,224,237
High Point       ,    ,199,230,271,215,238,248,278,227,221,    ,252,260,268,222,193,259,241,263,226,231,247,203,271,258,174,263,241,204,278,231,205,240,282,218,263,267,233,263,260,248,243,232,192,217,230,    ,263,204,254,274,251,215,241
Tennessee St     ,    ,238,228,250,238,204,249,248,266,243,    ,237,235,254,262,258,252,255,236,259,259,255,238,260,242,234,244,252,240,252,235,229,199,224,251,269,247,230,250,236,222,235,228,233,241,233,    ,244,235,250,256,239,246,235
CS Bakersfield   ,    ,254,261,236,239,254,257,240,280,224,    ,253,236,239,233,267,232,250,234,236,272,252,239,229,288,270,231,276,269,228,259,255,284,180,228,230,228,239,224,250,229,250,241,242,260,247,    ,146,256,248,221,225,261,260
IL Chicago       ,    ,253,236,252,247,255,232,254,233,231,    ,236,233,261,248,226,258,248,244,221,223,246,264,255,248,241,239,238,279,254,215,230,233,275,235,243,260,236,257,240,246,240,235,258,237,222,    ,249,247,247,254,270,244,239
UTEP             ,    ,269,276,268,235,241,243,259,238,270,    ,258,248,269,213,231,291,243,238,210,238,267,269,261,228,264,257,193,215,259,273,243,209,318,236,260,268,231,249,239,262,259,231,264,223,229,    ,196,241,237,261,310,239,233
NE Omaha         ,    ,237,254,262,258,247,244,258,263,235,    ,245,273,276,304,232,280,265,246,252,229,263,242,256,229,239,251,272,273,245,223,242,242,221,264,251,261,238,248,269,263,244,242,237,233,252,    ,222,246,259,252,250,256,246
Campbell         ,    ,232,239,265,266,233,245,263,235,251,    ,251,266,281,202,188,264,238,252,260,242,231,254,267,268,206,261,244,208,268,226,256,245,299,258,265,288,260,270,248,276,249,258,246,266,225,    ,272,251,252,259,267,269,256
Fordham          ,    ,290,290,255,260,253,250,227,248,255,    ,248,244,264,231,261,261,240,247,238,275,280,277,231,249,258,271,232,232,236,293,287,279,264,233,225,244,243,238,233,253,272,245,270,271,257,    ,231,259,231,249,284,260,250
North Dakota     ,    ,284,264,249,255,246,247,256,265,242,    ,247,270,253,299,294,261,264,266,242,219,271,279,244,257,289,248,258,284,239,244,248,241,237,229,239,250,254,246,243,250,251,262,266,238,287,    ,177,268,255,241,261,258,266
NJIT             ,    ,241,253,259,252,249,255,253,247,285,    ,271,267,260,251,238,251,247,269,276,241,251,248,263,252,235,275,243,237,273,274,259,246,266,234,271,252,279,267,232,247,255,269,261,252,258,    ,298,250,249,260,273,254,238
NC A&T           ,    ,217,227,231,267,257,252,217,260,321,    ,239,330,227,287,291,216,236,255,317,288,189,229,221,266,243,252,289,301,224,298,286,270,188,283,246,207,304,237,251,223,248,308,221,285,295,    ,327,243,245,222,198,276,278
Florida Intl     ,    ,279,277,270,240,230,242,274,241,261,    ,268,300,272,246,307,289,262,241,217,221,266,290,266,243,272,246,214,248,272,246,252,232,291,223,254,276,270,266,244,292,256,265,255,226,292,    ,285,254,246,251,280,233,230
Cornell          ,    ,250,235,244,276,256,262,243,272,279,    ,240,251,242,256,278,230,256,250,294,286,292,252,243,301,267,255,287,283,249,266,260,280,202,272,257,226,265,254,254,232,253,270,217,270,265,    ,289,263,262,257,229,272,283
Mt St Mary's     ,    ,264,255,239,285,287,259,236,301,230,    ,265,284,243,263,280,240,261,256,251,273,198,256,245,281,278,245,295,244,243,220,271,299,235,310,262,236,267,241,278,241,247,279,261,286,282,    ,210,278,264,236,204,280,300
New Hampshire    ,    ,260,285,301,233,250,264,300,244,210,    ,286,254,286,239,192,298,270,295,207,250,284,241,301,227,218,288,242,159,300,243,237,249,325,244,286,287,237,310,252,297,262,234,299,242,211,    ,272,244,278,305,308,232,242
Idaho St         ,    ,257,259,242,251,281,251,245,267,289,    ,256,288,238,245,283,236,254,243,304,262,225,259,250,284,281,254,255,317,246,286,270,263,258,280,261,256,288,239,267,224,260,285,252,253,302,    ,263,265,251,237,244,247,267
Air Force        ,    ,275,263,253,259,262,263,262,253,272,    ,260,219,250,311,290,266,258,251,266,249,276,267,253,270,273,258,246,288,258,281,264,261,260,254,252,259,258,251,255,269,270,257,254,262,261,    ,239,277,256,258,258,264,264
North Florida    ,    ,251,265,246,296,265,256,233,292,266,    ,263,272,251,312,315,239,252,248,298,293,211,257,218,286,286,259,297,308,213,280,281,260,210,295,235,241,266,226,259,191,258,282,250,281,308,    ,230,253,260,224,243,304,277
W Carolina       ,    ,258,268,235,306,263,258,223,303,275,    ,259,287,218,282,304,193,253,264,302,296,227,245,226,302,287,238,313,253,217,275,277,298,199,314,250,214,299,220,264,220,252,307,292,284,301,    ,250,257,263,232,219,299,307
Drexel           ,    ,278,275,254,263,228,272,261,299,284,    ,246,262,248,275,263,281,263,275,274,267,265,270,251,211,282,256,251,252,261,254,262,288,257,277,267,257,255,262,265,288,263,253,281,259,260,    ,282,276,258,265,248,271,261
Cal Poly         ,    ,274,282,256,262,274,261,268,275,257,    ,254,261,262,279,282,274,259,254,268,248,293,281,248,285,298,264,257,242,248,271,272,295,245,250,245,264,277,258,281,289,271,273,271,264,275,    ,241,271,257,255,257,262,252
W Illinois       ,    ,234,250,248,307,268,292,239,285,283,    ,257,286,247,254,245,230,225,289,305,289,191,235,238,333,233,270,316,272,244,314,284,285,281,302,247,255,295,255,272,207,284,300,279,295,271,    ,259,252,269,209,247,313,270
Denver           ,    ,271,284,261,269,276,268,272,277,278,    ,250,247,266,267,257,273,266,268,267,266,262,272,259,271,284,253,270,282,264,250,267,275,272,266,259,279,247,260,295,274,266,250,259,268,246,    ,238,279,274,262,265,267,304
SE Missouri St   ,    ,272,256,263,265,272,270,270,268,280,    ,264,277,267,247,299,276,268,267,264,261,256,278,265,247,277,250,263,300,266,287,268,258,267,253,264,265,274,271,263,301,279,271,249,261,281,    ,235,267,265,253,264,268,259
E Illinois       ,    ,242,257,277,261,259,283,290,284,292,    ,270,223,271,278,219,265,277,286,285,255,285,249,285,262,230,265,261,275,289,267,251,252,263,270,280,290,261,280,285,280,274,256,256,267,254,    ,280,255,286,279,266,265,253
Siena            ,    ,303,270,281,268,270,266,284,251,246,    ,273,263,288,259,279,311,283,272,231,254,301,287,273,223,275,277,260,221,282,247,265,269,259,275,266,273,246,284,268,310,257,244,267,263,263,    ,242,281,277,295,269,266,245
Binghamton       ,    ,261,252,274,257,279,291,281,258,252,    ,293,274,255,244,241,270,273,293,272,281,207,246,284,233,245,282,282,243,293,295,254,265,294,261,299,251,269,294,258,294,280,274,289,265,264,    ,298,249,281,281,286,255,251
Prairie View     ,    ,256,248,266,249,266,273,283,256,293,    ,269,306,275,284,256,254,293,274,308,252,291,260,291,217,251,266,264,316,280,277,258,235,252,285,277,295,294,275,279,278,254,289,240,254,288,    ,304,269,275,289,255,248,255
James Madison    ,    ,295,291,316,241,258,269,317,255,247,    ,280,221,321,255,243,331,299,260,224,244,320,298,305,214,252,297,233,229,310,236,250,251,321,230,255,318,245,299,275,331,276,240,290,234,243,    ,289,261,287,315,295,245,254
Samford          ,    ,263,258,279,297,297,274,269,294,250,    ,277,255,277,257,253,263,282,259,273,274,261,263,280,309,265,268,302,305,270,270,273,271,261,298,276,272,257,265,293,240,264,259,247,300,253,    ,263,266,282,276,272,296,282
CS Sacramento    ,    ,296,289,282,246,267,253,292,262,264,    ,278,309,291,266,297,306,291,265,253,247,299,289,276,259,274,272,248,268,275,233,261,273,284,248,270,292,272,285,277,282,275,281,268,248,300,    ,242,262,273,286,283,242,290
NC Central       ,    ,252,287,275,270,275,281,279,279,240,    ,287,297,258,264,229,260,274,304,240,299,197,253,292,275,254,274,286,312,290,264,276,296,309,282,302,271,271,291,294,265,281,275,287,273,262,    ,257,264,283,277,278,270,275
UC Riverside     ,    ,287,272,285,245,271,267,297,242,309,    ,262,278,289,281,271,317,285,261,283,256,302,288,275,260,256,278,253,306,284,285,253,236,278,246,258,302,275,278,280,304,283,268,263,239,274,    ,283,260,276,290,279,243,289
Columbia         ,    ,280,281,328,224,245,282,323,245,267,    ,297,215,326,290,199,306,311,311,241,218,342,268,328,238,220,306,239,225,329,256,247,257,296,232,313,321,229,327,276,303,265,217,321,256,213,    ,325,258,294,327,328,236,247
Long Island      ,    ,268,278,264,273,278,280,276,276,259,    ,276,295,270,271,249,294,269,300,280,276,274,262,269,246,269,273,283,241,279,263,278,281,273,279,279,266,286,286,266,322,269,292,291,280,280,    ,276,273,279,287,259,279,281
Ark Little Rock  ,    ,308,262,280,264,264,260,293,252,241,    ,267,283,284,314,274,321,278,297,258,228,312,304,282,235,271,283,262,296,288,260,266,254,274,231,285,278,259,304,261,317,261,266,286,272,286,    ,294,286,280,293,320,257,272
Stetson          ,    ,266,247,260,300,277,265,257,269,311,    ,261,298,273,293,295,244,267,273,309,260,213,294,257,300,292,262,273,326,265,283,296,277,256,278,273,269,306,268,256,267,273,306,274,306,311,    ,304,293,271,245,254,302,274
Edwardsville     ,    ,255,273,234,313,306,279,221,323,291,    ,266,305,231,315,310,226,251,276,316,297,257,255,222,310,306,243,317,311,220,288,311,314,215,322,268,223,309,228,300,245,268,317,288,312,319,    ,287,299,268,226,209,311,298
Southern Utah    ,    ,273,280,241,280,312,277,238,304,323,    ,275,316,241,305,316,235,257,262,321,300,272,282,227,318,321,276,269,291,234,326,309,268,239,289,248,243,315,232,273,234,285,316,273,288,320,    ,276,300,253,234,246,291,310
Central Conn     ,    ,259,251,251,278,290,288,249,278,320,    ,272,320,246,280,300,253,260,282,322,320,239,258,252,241,279,267,293,286,263,318,299,311,250,305,275,245,310,269,270,293,267,312,269,305,309,    ,294,283,267,268,232,289,286
IUPUI            ,    ,281,292,287,272,295,276,285,296,265,    ,299,245,280,269,276,271,289,283,263,263,276,276,286,287,283,285,274,297,287,268,280,287,268,268,288,284,280,279,290,266,282,276,285,289,266,    ,259,290,285,283,285,274,265
E Kentucky       ,    ,267,271,267,289,300,287,282,286,269,    ,279,259,265,294,275,267,284,284,296,303,258,274,279,276,268,269,300,302,283,261,285,292,271,300,284,286,268,283,302,298,278,278,265,292,267,    ,279,282,291,275,263,293,306
Charlotte        ,    ,289,304,294,274,291,286,295,271,273,    ,285,269,278,260,277,284,286,277,254,294,324,300,294,305,290,279,265,247,294,258,269,303,297,274,281,299,264,276,271,300,289,261,296,274,269,    ,259,288,284,296,291,275,262
Santa Clara      ,    ,323,306,283,293,305,271,267,274,260,    ,274,212,295,274,296,319,275,271,234,287,289,318,270,322,314,291,267,260,262,301,291,267,300,291,283,275,251,288,262,255,308,252,293,276,278,    ,225,302,261,291,325,298,313
ULM              ,    ,262,293,293,290,261,305,287,309,302,    ,302,256,293,241,240,268,276,290,284,307,279,265,295,303,262,298,285,277,295,299,290,286,311,276,296,283,281,290,283,258,293,283,280,287,255,    ,304,280,288,285,299,297,229
Portland         ,    ,291,317,291,288,294,278,277,281,315,    ,283,280,297,297,308,311,279,253,297,269,273,293,272,299,299,293,259,271,267,321,308,266,253,263,272,280,290,274,284,277,295,291,282,275,298,    ,294,274,270,271,303,292,292
Hampton          ,    ,270,283,312,254,269,275,298,264,297,    ,304,302,318,261,269,303,297,281,286,291,281,273,317,307,248,308,268,310,306,282,263,256,307,269,300,311,283,301,291,256,277,277,272,257,279,    ,308,275,289,304,313,259,284
UNC Wilmington   ,    ,300,311,304,299,283,290,304,297,237,    ,282,242,309,306,273,313,303,298,237,284,304,309,300,295,296,296,288,259,298,210,282,300,290,265,291,305,249,295,304,305,294,248,303,294,249,    ,210,301,300,301,304,303,279
South Florida    ,    ,314,302,278,309,299,285,252,293,303,    ,289,282,285,268,301,284,271,270,275,314,264,308,264,296,328,287,280,281,260,324,313,294,287,287,274,248,298,261,257,270,303,301,275,308,307,    ,268,297,266,263,290,315,315
Arkansas St      ,    ,302,297,307,281,273,296,313,288,281,    ,301,253,306,265,262,304,310,294,271,271,300,306,313,253,293,289,290,293,315,292,274,274,312,273,301,308,263,307,301,325,298,254,297,277,259,    ,283,296,298,307,311,282,269
Detroit          ,    ,292,315,295,304,293,284,288,308,296,    ,292,289,287,303,287,299,287,280,278,283,288,303,287,298,310,295,294,239,285,300,295,301,276,286,282,285,282,281,286,295,307,284,295,278,284,    ,288,303,290,280,297,306,288
Morehead St      ,    ,285,269,296,295,282,303,303,273,271,    ,291,271,294,307,289,288,304,292,295,308,305,284,303,311,261,281,311,309,304,279,279,283,283,296,295,306,285,306,289,287,290,288,283,291,289,    ,250,272,308,303,288,294,308
Missouri KC      ,    ,294,286,208,284,301,300,301,287,312,    ,281,276,301,300,284,313,306,285,303,292,307,295,311,282,285,290,291,307,302,313,283,264,254,262,289,297,305,296,298,312,306,305,293,283,297,    ,253,287,297,294,293,300,273
East Carolina    ,    ,321,326,284,322,313,294,247,311,263,    ,300,281,292,286,311,286,272,278,256,332,268,319,262,327,336,292,292,285,257,306,322,337,303,320,278,246,297,264,282,243,313,302,300,326,293,    ,215,316,272,266,292,329,321
Bethune-Cookman  ,    ,282,260,276,311,310,306,271,319,282,    ,284,324,263,329,321,278,292,288,325,311,201,261,278,297,308,284,328,325,277,310,305,316,287,327,290,258,313,277,321,275,297,322,257,318,329,    ,316,284,299,270,256,316,296
Quinnipiac       ,    ,311,305,286,286,280,293,296,289,287,    ,294,303,274,292,313,290,294,310,300,277,310,297,293,244,305,280,279,274,296,284,300,310,315,303,297,296,301,303,292,315,287,299,329,297,299,    ,298,305,295,308,287,284,287
F Dickinson      ,    ,286,288,305,287,319,304,312,282,307,    ,309,301,303,288,247,292,298,314,299,282,317,285,306,308,259,307,298,218,316,303,289,302,289,290,306,307,293,317,288,308,299,290,301,303,272,    ,320,292,304,314,302,290,276
McNeese St       ,    ,276,267,300,294,289,299,311,291,288,    ,288,285,290,310,303,279,301,308,310,268,295,283,312,328,246,294,320,318,314,269,293,289,304,299,311,314,316,308,312,272,286,321,275,293,310,    ,338,289,313,299,289,285,263
Savannah St      ,    ,283,300,288,334,298,295,260,328,308,    ,308,328,279,334,317,250,308,279,332,305,242,286,297,337,309,305,332,313,255,315,314,272,184,328,309,249,336,273,303,209,305,336,305,311,330,    ,289,298,307,288,274,335,295
St Francis NY    ,    ,305,279,298,283,285,297,307,261,319,    ,290,265,302,295,293,305,302,319,324,278,315,302,298,272,276,302,275,292,307,329,303,293,293,252,304,294,322,315,274,326,302,315,318,304,296,    ,342,291,301,309,298,288,303
Chattanooga      ,    ,301,309,308,305,307,315,299,302,299,    ,303,268,308,272,288,315,295,296,293,312,311,307,299,283,307,300,314,287,299,325,297,305,301,288,293,303,291,292,306,318,312,287,302,302,291,    ,270,295,303,297,301,308,285
TN Martin        ,    ,307,299,317,275,292,302,320,298,305,    ,311,291,319,277,285,323,317,309,281,290,306,311,323,250,291,304,278,329,319,307,288,278,332,293,312,323,273,318,299,327,309,263,304,282,273,    ,268,294,306,318,321,283,301
Pepperdine       ,    ,324,322,321,279,309,289,314,257,313,    ,306,275,328,313,312,333,316,287,288,285,328,327,304,280,315,312,256,254,301,319,298,276,302,284,287,317,276,297,308,320,316,267,312,269,312,    ,289,310,292,317,329,286,302
Jackson St       ,    ,298,298,273,317,325,310,273,330,274,    ,310,326,256,326,331,243,305,306,319,326,224,275,288,314,322,286,330,315,274,294,325,326,280,338,308,277,319,289,331,251,292,323,284,328,326,    ,294,317,309,282,253,319,331
Sacred Heart     ,    ,318,310,306,291,314,301,309,283,310,    ,319,319,307,308,298,317,307,321,279,301,282,312,308,265,302,310,308,256,317,257,294,315,327,309,315,309,292,319,296,314,291,304,328,299,306,    ,316,307,302,316,317,281,312
Dartmouth        ,    ,312,312,313,282,303,311,328,290,294,    ,314,292,304,291,268,282,320,330,290,279,341,310,326,312,288,316,296,258,333,276,292,307,336,307,328,329,284,331,309,284,296,280,319,290,268,    ,327,306,319,330,312,277,305
Loyola MD        ,    ,313,308,310,298,311,312,329,307,290,    ,321,293,313,270,264,315,314,328,282,304,326,305,314,293,294,313,301,222,321,278,302,309,329,306,322,315,287,326,305,321,300,286,311,309,270,    ,312,313,315,323,306,301,297
WI Green Bay     ,    ,293,328,323,302,318,318,324,321,277,    ,322,279,310,273,254,327,312,305,277,313,270,296,324,273,295,321,304,289,322,291,304,312,346,301,320,316,278,311,324,330,320,272,306,307,277,    ,276,308,322,313,327,307,280
Morgan St        ,    ,299,274,292,321,304,314,289,317,324,    ,296,327,300,321,314,274,309,291,326,318,287,313,296,317,312,301,325,323,292,317,310,290,265,325,303,293,326,293,316,290,288,328,260,321,317,    ,301,318,310,292,260,323,314
Charleston So    ,    ,265,307,319,301,296,316,318,295,326,    ,316,317,317,276,251,297,296,320,306,306,294,280,322,324,255,320,306,264,324,302,301,304,333,304,321,331,314,316,322,281,315,309,321,301,294,    ,308,285,316,310,316,295,311
Lafayette        ,    ,325,295,326,277,288,307,326,270,286,    ,307,310,323,296,292,321,325,324,292,280,337,320,325,279,280,319,281,294,336,262,275,282,334,292,323,332,307,333,287,339,301,298,308,279,285,    ,338,311,318,337,326,273,271
Jacksonville     ,    ,297,303,290,328,284,298,280,316,304,    ,295,322,298,330,318,301,290,307,312,316,240,292,277,321,304,299,326,336,276,305,323,322,286,317,314,281,318,287,320,286,304,325,315,329,322,    ,301,304,305,273,305,330,326
Presbyterian     ,    ,277,314,289,324,286,308,275,322,344,    ,305,338,296,322,326,283,281,301,341,323,260,291,281,320,303,311,310,331,281,342,332,325,292,318,298,289,342,282,314,260,311,340,310,331,335,    ,335,312,293,267,275,326,338
MA Lowell        ,    ,319,313,299,318,320,323,294,312,335,    ,318,312,312,163,309,296,288,312,320,322,322,328,283,323,327,318,309,267,297,330,326,324,324,308,294,291,324,302,297,306,326,320,332,323,313,    ,319,326,296,298,294,327,317
Rice             ,    ,333,327,332,292,316,309,333,300,301,    ,327,314,332,298,325,338,327,299,261,302,331,334,332,292,329,314,277,319,330,297,306,291,323,267,310,328,296,305,315,341,319,293,309,296,303,    ,250,327,314,326,331,287,299
VMI              ,    ,309,294,297,332,321,320,291,315,337,    ,298,331,305,328,334,269,300,303,339,336,313,316,290,338,320,309,327,332,291,337,328,332,269,323,292,298,331,300,307,249,329,334,307,333,333,    ,321,315,312,278,281,332,332
Holy Cross       ,    ,335,323,315,303,324,326,321,306,306,    ,320,313,316,289,281,308,319,331,289,309,339,329,318,291,317,324,303,255,328,296,317,329,337,321,319,325,300,328,311,338,314,296,335,322,290,    ,315,324,320,331,319,309,309
Youngstown St    ,    ,310,320,309,323,333,317,319,326,276,    ,317,308,311,318,306,308,318,323,307,315,316,314,309,319,316,315,322,304,312,289,315,323,320,331,316,324,311,322,325,323,322,314,298,315,316,    ,301,331,327,312,307,317,323
Grambling        ,    ,306,301,302,327,308,329,310,324,298,    ,312,307,283,340,327,293,322,318,327,327,296,301,316,277,324,303,331,334,311,320,320,321,295,332,324,300,329,313,328,333,317,330,331,320,331,    ,308,323,325,311,277,320,319
Southern Univ    ,    ,315,316,325,308,315,319,322,310,318,    ,329,311,315,316,305,310,331,316,323,319,286,299,334,289,301,327,318,333,325,316,319,308,331,324,330,320,312,325,319,309,310,311,277,316,314,    ,333,309,324,324,324,305,316
San Jose St      ,    ,328,325,327,310,329,322,327,305,327,    ,313,294,329,301,322,334,321,302,301,295,340,331,320,315,325,323,299,290,318,328,318,306,319,312,307,330,302,320,318,334,331,297,314,314,315,    ,270,320,317,329,323,312,318
Marist           ,    ,334,318,314,320,302,313,315,320,314,    ,315,315,324,323,328,330,313,315,311,310,334,333,302,306,333,317,305,278,308,312,324,317,316,319,305,304,321,312,310,335,323,318,330,317,325,    ,327,328,311,321,314,322,325
Cleveland St     ,    ,326,324,334,312,317,321,332,314,300,    ,326,290,338,320,286,340,330,313,291,317,333,332,330,290,319,331,307,298,331,311,312,313,340,297,326,333,303,330,313,336,328,295,325,313,283,    ,323,319,323,333,339,310,293
Houston Bap      ,    ,317,321,337,314,322,330,339,313,328,    ,332,304,330,317,302,325,332,329,313,298,325,321,337,329,300,329,312,303,337,322,307,297,335,294,327,340,320,329,323,324,330,313,323,298,318,    ,304,314,329,328,338,314,294
American Univ    ,    ,327,296,318,326,326,327,308,325,317,    ,324,325,325,331,332,319,324,326,315,328,327,323,319,326,313,325,329,299,320,309,316,319,317,330,318,313,323,323,317,319,318,319,317,324,304,    ,335,325,326,325,309,328,324
Kennesaw         ,    ,320,335,329,315,323,324,316,333,325,    ,328,323,333,319,329,328,323,317,318,334,314,315,321,313,323,330,315,321,313,336,327,318,310,311,325,322,317,309,326,299,324,310,326,325,321,    ,308,321,321,319,322,321,322
TAM C. Christi   ,    ,336,333,341,319,327,336,345,327,295,    ,337,299,337,283,324,326,336,327,287,329,335,317,341,336,332,322,319,322,345,304,321,327,349,316,331,346,308,334,333,311,333,303,320,319,305,    ,263,333,336,335,337,278,320
Citadel          ,    ,304,338,324,339,335,331,306,340,329,    ,333,329,314,324,319,295,315,322,334,339,290,322,307,350,330,328,339,320,309,340,333,339,313,336,317,310,333,298,329,283,339,335,316,327,336,    ,316,329,330,302,315,340,336
Norfolk St       ,    ,330,331,330,325,331,325,325,329,322,    ,325,336,336,309,320,337,326,337,314,324,344,338,329,334,326,338,323,314,326,290,330,333,298,315,341,319,325,337,330,313,327,326,338,330,323,    ,327,341,328,336,344,324,327
Incarnate Word   ,    ,316,337,333,331,328,335,336,335,333,    ,340,340,322,327,323,300,328,325,331,321,321,326,336,349,318,333,324,327,339,334,331,320,338,313,336,339,334,324,335,271,335,331,313,310,324,    ,322,322,333,320,336,331,329
S Carolina St    ,    ,322,336,311,341,341,334,305,344,336,    ,335,343,299,337,342,287,329,339,343,330,253,325,315,342,338,332,342,345,305,339,342,341,308,343,332,301,340,314,338,285,334,341,326,341,342,    ,326,334,335,300,300,341,342
Ark Pine Bluff   ,    ,331,332,322,329,340,328,330,331,316,    ,331,335,320,342,333,323,338,335,329,325,323,324,333,316,331,326,333,328,323,308,335,336,322,341,338,326,337,332,334,340,321,338,324,335,338,    ,338,332,331,339,318,325,337
Maine            ,    ,329,330,335,316,330,332,342,318,331,    ,334,318,334,332,330,336,333,341,330,337,332,330,338,294,311,334,321,324,341,323,329,330,328,326,334,338,335,345,327,345,325,332,337,332,328,    ,343,330,334,341,333,318,328
Northern Arizona ,    ,341,319,331,333,338,333,331,332,332,    ,323,332,335,325,341,341,335,333,333,335,336,344,327,332,341,336,334,339,327,327,334,328,306,333,337,334,332,336,332,329,332,333,343,337,339,    ,314,343,332,338,334,334,334
MD E Shore       ,    ,338,329,320,349,339,343,302,348,345,    ,330,346,331,344,350,302,334,334,347,349,303,339,310,348,348,337,351,350,303,347,347,345,277,345,329,312,346,321,337,307,342,347,334,348,348,    ,323,342,338,306,296,350,351
SC Upstate       ,    ,332,339,342,336,334,338,344,336,334,    ,341,333,341,336,336,335,339,332,335,341,318,336,342,331,334,339,337,338,344,335,337,331,339,329,335,344,327,339,341,342,336,327,333,338,327,    ,327,335,339,332,335,338,330
Longwood         ,    ,340,342,336,343,332,342,335,341,340,    ,336,341,327,347,344,332,337,336,340,342,308,337,331,340,343,335,343,335,332,338,341,344,330,334,333,327,338,335,339,332,345,345,342,344,345,    ,341,336,342,322,330,344,341
Bryant           ,    ,343,343,338,337,345,337,340,334,338,    ,338,334,340,343,338,343,341,345,338,340,345,341,335,330,340,340,338,330,338,333,339,346,314,340,340,335,339,342,340,346,337,337,347,339,332,    ,327,344,337,344,332,337,340
Howard           ,    ,339,340,347,330,336,340,349,338,341,    ,345,337,348,333,335,346,346,347,337,331,347,342,347,304,335,345,336,337,349,332,336,335,347,337,345,348,328,348,343,350,338,324,344,336,334,    ,347,338,344,346,345,333,333
Northwestern LA  ,    ,347,334,340,342,337,344,338,337,330,    ,343,339,339,339,343,347,340,340,336,338,343,349,343,351,347,343,344,349,343,331,338,334,326,339,347,341,341,344,336,279,340,339,341,334,343,    ,337,348,341,342,348,342,343
CS Northridge    ,    ,345,345,345,335,347,341,348,339,343,    ,339,321,347,335,337,349,342,343,328,333,346,347,340,339,344,341,335,340,346,341,340,348,351,335,339,349,330,343,345,344,348,329,345,340,337,    ,312,339,343,343,343,336,335
Alcorn St        ,    ,337,346,344,340,346,347,343,345,339,    ,347,344,343,338,339,329,343,338,342,344,309,335,346,346,337,344,340,348,342,343,346,343,344,344,344,347,343,341,347,316,344,342,340,342,340,    ,334,337,345,340,341,343,345
Alabama St       ,    ,346,344,339,344,343,339,334,343,342,    ,342,342,342,341,345,339,344,344,344,348,337,345,339,341,346,342,345,342,335,345,344,338,341,347,342,336,344,338,342,328,343,343,336,343,344,    ,345,346,340,345,340,345,344
Chicago St       ,    ,342,347,346,348,342,345,337,342,348,    ,346,345,345,351,347,342,345,342,349,346,330,343,345,347,342,347,348,346,334,349,345,340,305,348,343,337,348,340,344,337,346,348,348,346,346,    ,344,340,347,334,346,348,346
Florida A&M      ,    ,344,348,348,338,349,348,347,346,346,    ,348,348,346,346,340,344,348,348,345,347,329,340,349,325,339,348,341,343,348,344,343,342,345,342,349,343,345,347,349,347,341,344,339,345,341,    ,348,345,346,349,347,339,339
Alabama A&M      ,    ,348,341,343,345,348,346,341,347,347,    ,344,347,344,350,348,345,347,346,348,345,348,346,344,344,345,346,347,347,340,346,348,347,342,349,346,342,349,346,346,343,347,349,346,347,349,    ,351,347,348,347,342,346,348
Coppin St        ,    ,349,349,349,346,344,349,346,349,349,    ,349,350,349,345,346,347,349,349,346,343,349,348,348,335,349,349,346,341,347,348,349,349,343,350,350,345,347,349,348,349,349,346,349,349,347,    ,346,349,349,350,349,347,347
Delaware St      ,    ,350,350,350,350,350,350,351,350,350,    ,350,349,350,348,349,350,350,350,350,351,350,351,350,345,351,350,350,344,350,351,350,350,350,346,348,351,351,350,350,351,351,351,350,350,351,    ,349,350,351,348,350,351,350
MS Valley St     ,    ,351,351,351,347,351,351,350,351,351,    ,351,351,351,349,351,351,351,351,351,350,351,350,351,343,350,351,349,351,351,350,351,351,348,351,351,350,350,351,351,348,350,350,351,351,350,    ,350,351,350,351,351,349,349